Date,City,Temperature,Humidity,Rainfall,Wind_Speed,Pressure
2022-01-01,Mumbai,26.7,71.3,0.34,12.1,1016.1
2022-01-02,Mumbai,28.4,67.4,0.22,18.6,1013.7
2022-01-03,Mumbai,28.5,70.9,0.2,18.6,1014.2
2022-01-04,Mumbai,27.7,81.8,0.62,22.8,1010.8
2022-01-05,Mumbai,28.4,82.2,1.7,12.4,1008.3
2022-01-06,Mumbai,23.9,87.7,0.81,19.6,1017.6
2022-01-07,Mumbai,22.0,63.0,0.51,18.4,1018.0
2022-01-08,Mumbai,31.6,67.1,0.08,16.8,1009.4
2022-01-09,Mumbai,27.7,81.0,0.28,16.2,1017.1
2022-01-10,Mumbai,30.5,56.1,0.21,15.6,1009.5
2022-01-11,Mumbai,29.9,57.7,0.2,23.6,1016.7
2022-01-12,Mumbai,33.4,48.4,0.62,11.3,1009.2
2022-01-13,Mumbai,27.8,63.8,0.15,9.3,1008.1
2022-01-14,Mumbai,23.7,83.5,0.1,23.9,1012.1
2022-01-15,Mumbai,33.8,60.2,0.03,17.4,1013.2
2022-01-16,Mumbai,31.2,77.7,1.61,6.1,1008.4
2022-01-17,Mumbai,31.6,64.7,0.04,8.2,1012.3
2022-01-18,Mumbai,30.3,68.7,0.41,5.0,1009.1
2022-01-19,Mumbai,26.6,64.7,0.07,9.6,1012.3
2022-01-20,Mumbai,29.2,63.1,0.67,22.1,1014.5
2022-01-21,Mumbai,30.9,69.3,0.54,24.6,1017.5
2022-01-22,Mumbai,28.1,86.0,1.11,21.6,1012.8
2022-01-23,Mumbai,25.5,63.7,0.33,19.5,1017.7
2022-01-24,Mumbai,28.7,66.7,0.64,10.8,1014.8
2022-01-25,Mumbai,31.2,57.8,0.13,7.1,1008.5
2022-01-26,Mumbai,32.8,68.3,1.09,11.7,1009.9
2022-01-27,Mumbai,29.3,60.3,0.2,19.8,1010.5
2022-01-28,Mumbai,33.7,71.4,0.39,10.3,1016.4
2022-01-29,Mumbai,33.1,58.4,0.12,14.4,1015.8
2022-01-30,Mumbai,31.1,71.8,0.35,10.0,1014.7
2022-01-31,Mumbai,31.9,69.8,0.09,7.1,1010.7
2022-02-01,Mumbai,31.7,76.3,0.18,11.1,1012.8
2022-02-02,Mumbai,30.9,68.5,0.13,8.3,1012.6
2022-02-03,Mumbai,33.0,63.6,0.36,17.1,1012.5
2022-02-04,Mumbai,33.5,86.6,0.51,25.0,1012.6
2022-02-05,Mumbai,32.3,51.1,0.22,10.5,1017.8
2022-02-06,Mumbai,27.9,66.1,0.18,7.1,1016.8
2022-02-07,Mumbai,33.3,80.9,1.15,13.2,1016.1
2022-02-08,Mumbai,25.3,87.5,0.28,12.9,1017.9
2022-02-09,Mumbai,29.3,54.3,0.15,5.8,1015.1
2022-02-10,Mumbai,35.2,81.3,0.23,12.5,1015.8
2022-02-11,Mumbai,29.9,80.2,0.45,9.8,1013.7
2022-02-12,Mumbai,31.2,76.0,0.07,10.8,1011.3
2022-02-13,Mumbai,28.0,59.6,0.06,8.1,1016.4
2022-02-14,Mumbai,29.3,68.3,1.2,5.6,1011.4
2022-02-15,Mumbai,37.5,74.4,2.0,23.9,1009.7
2022-02-16,Mumbai,34.9,70.8,0.02,18.2,1010.7
2022-02-17,Mumbai,31.6,72.2,0.18,18.3,1013.4
2022-02-18,Mumbai,28.6,58.0,0.46,21.6,1014.0
2022-02-19,Mumbai,30.5,72.6,0.25,14.1,1017.9
2022-02-20,Mumbai,39.1,65.7,0.31,15.0,1014.6
2022-02-21,Mumbai,36.5,89.4,0.2,13.2,1016.6
2022-02-22,Mumbai,30.8,71.9,0.09,9.8,1012.6
2022-02-23,Mumbai,31.7,76.5,0.1,9.7,1013.8
2022-02-24,Mumbai,34.5,63.6,0.33,16.9,1010.5
2022-02-25,Mumbai,27.0,66.6,0.04,15.5,1016.4
2022-02-26,Mumbai,28.7,56.1,0.05,16.7,1013.9
2022-02-27,Mumbai,28.7,50.3,0.23,11.4,1012.3
2022-02-28,Mumbai,32.0,82.9,0.18,12.0,1012.4
2022-03-01,Mumbai,28.8,70.0,0.15,6.1,1017.1
2022-03-02,Mumbai,31.8,62.5,0.88,8.3,1016.5
2022-03-03,Mumbai,26.9,75.1,0.58,23.1,1014.1
2022-03-04,Mumbai,28.0,92.3,0.11,18.8,1009.9
2022-03-05,Mumbai,28.1,90.0,1.14,14.0,1015.8
2022-03-06,Mumbai,34.8,67.0,0.37,16.9,1014.3
2022-03-07,Mumbai,31.6,61.4,0.49,8.8,1010.2
2022-03-08,Mumbai,35.6,70.6,0.35,9.8,1013.6
2022-03-09,Mumbai,32.3,80.2,0.38,5.6,1017.9
2022-03-10,Mumbai,31.3,72.1,0.29,10.0,1014.8
2022-03-11,Mumbai,31.3,62.7,0.5,5.0,1012.7
2022-03-12,Mumbai,28.7,73.1,0.25,18.2,1017.4
2022-03-13,Mumbai,34.8,71.4,0.13,22.1,1015.2
2022-03-14,Mumbai,28.7,62.4,0.49,21.0,1011.5
2022-03-15,Mumbai,28.0,84.9,0.13,9.3,1013.9
2022-03-16,Mumbai,32.4,76.2,0.22,20.2,1013.8
2022-03-17,Mumbai,32.5,65.8,0.2,16.6,1014.0
2022-03-18,Mumbai,31.8,60.4,0.46,13.2,1017.0
2022-03-19,Mumbai,33.5,71.4,0.61,7.3,1008.8
2022-03-20,Mumbai,33.5,67.5,0.3,22.0,1014.2
2022-03-21,Mumbai,36.4,64.9,0.0,19.2,1012.9
2022-03-22,Mumbai,31.2,70.5,0.05,8.2,1013.0
2022-03-23,Mumbai,33.2,68.9,0.87,11.2,1010.7
2022-03-24,Mumbai,33.5,66.6,0.81,21.6,1016.9
2022-03-25,Mumbai,33.3,67.8,0.35,10.4,1014.1
2022-03-26,Mumbai,32.4,58.3,0.67,21.1,1017.6
2022-03-27,Mumbai,33.1,53.6,0.11,8.6,1011.2
2022-03-28,Mumbai,29.8,66.4,0.16,6.8,1013.1
2022-03-29,Mumbai,32.4,57.4,0.1,17.5,1011.9
2022-03-30,Mumbai,32.3,86.0,1.08,13.0,1016.2
2022-03-31,Mumbai,28.0,78.4,1.15,18.7,1009.0
2022-04-01,Mumbai,31.2,95.0,0.17,24.8,1011.4
2022-04-02,Mumbai,35.5,67.3,0.24,18.9,1010.3
2022-04-03,Mumbai,32.4,65.0,0.29,19.0,1009.4
2022-04-04,Mumbai,34.1,82.9,0.45,15.2,1016.4
2022-04-05,Mumbai,34.3,64.8,0.02,10.6,1017.7
2022-04-06,Mumbai,33.7,53.2,0.07,23.4,1011.6
2022-04-07,Mumbai,34.1,78.0,0.46,8.4,1012.2
2022-04-08,Mumbai,31.7,68.5,0.08,15.7,1015.5
2022-04-09,Mumbai,32.2,80.1,0.55,19.6,1017.5
2022-04-10,Mumbai,30.5,51.5,0.58,21.2,1009.9
2022-04-11,Mumbai,30.3,70.2,0.02,24.9,1015.4
2022-04-12,Mumbai,34.2,65.5,0.06,15.3,1015.7
2022-04-13,Mumbai,34.5,83.6,0.71,9.5,1014.6
2022-04-14,Mumbai,37.2,63.3,0.11,20.9,1017.0
2022-04-15,Mumbai,32.4,61.3,0.01,24.0,1014.8
2022-04-16,Mumbai,31.0,62.2,0.35,5.5,1009.5
2022-04-17,Mumbai,31.9,77.2,0.36,11.0,1013.6
2022-04-18,Mumbai,29.3,73.5,0.62,9.3,1014.1
2022-04-19,Mumbai,31.2,62.8,0.16,25.0,1009.0
2022-04-20,Mumbai,32.8,82.0,0.18,10.2,1016.9
2022-04-21,Mumbai,32.8,80.3,0.67,20.8,1017.9
2022-04-22,Mumbai,28.7,75.7,1.13,23.1,1017.7
2022-04-23,Mumbai,36.0,63.5,0.62,6.5,1011.2
2022-04-24,Mumbai,34.4,82.6,0.42,7.2,1013.6
2022-04-25,Mumbai,29.8,78.0,0.04,10.9,1014.9
2022-04-26,Mumbai,33.6,76.7,0.17,17.0,1017.7
2022-04-27,Mumbai,29.2,63.8,0.32,9.0,1008.2
2022-04-28,Mumbai,35.8,61.2,0.42,23.9,1017.5
2022-04-29,Mumbai,28.2,71.8,0.02,18.0,1009.2
2022-04-30,Mumbai,30.5,69.2,0.46,18.6,1016.8
2022-05-01,Mumbai,39.2,74.2,0.87,24.7,1011.0
2022-05-02,Mumbai,36.8,73.5,1.92,7.3,1012.3
2022-05-03,Mumbai,30.6,70.0,0.26,23.2,1009.3
2022-05-04,Mumbai,34.2,67.6,0.41,15.6,1014.2
2022-05-05,Mumbai,34.9,65.7,0.2,14.8,1017.1
2022-05-06,Mumbai,33.6,74.2,2.06,17.0,1016.8
2022-05-07,Mumbai,32.2,79.6,0.04,17.7,1010.2
2022-05-08,Mumbai,33.4,57.1,0.24,24.5,1016.6
2022-05-09,Mumbai,34.1,84.4,0.62,23.2,1016.9
2022-05-10,Mumbai,29.1,78.9,0.25,15.5,1013.5
2022-05-11,Mumbai,27.9,61.9,0.12,17.2,1015.6
2022-05-12,Mumbai,24.9,73.7,0.03,16.8,1013.8
2022-05-13,Mumbai,31.7,71.0,0.29,13.3,1016.9
2022-05-14,Mumbai,34.5,79.7,0.18,15.6,1009.4
2022-05-15,Mumbai,30.6,75.5,0.38,5.5,1012.8
2022-05-16,Mumbai,33.9,65.5,0.97,20.4,1010.4
2022-05-17,Mumbai,27.3,92.9,1.16,17.7,1013.4
2022-05-18,Mumbai,38.0,61.8,1.05,15.6,1014.0
2022-05-19,Mumbai,33.8,67.3,0.28,13.3,1015.8
2022-05-20,Mumbai,29.7,61.6,0.44,17.3,1009.2
2022-05-21,Mumbai,29.6,86.7,0.1,21.5,1009.8
2022-05-22,Mumbai,28.0,56.3,0.91,22.2,1011.7
2022-05-23,Mumbai,29.4,80.4,1.05,17.5,1017.3
2022-05-24,Mumbai,29.0,59.5,0.1,18.4,1012.1
2022-05-25,Mumbai,30.0,65.2,0.38,7.4,1008.0
2022-05-26,Mumbai,28.6,67.6,0.13,19.0,1016.5
2022-05-27,Mumbai,32.5,56.5,0.99,15.2,1011.8
2022-05-28,Mumbai,33.0,85.8,0.45,23.4,1014.3
2022-05-29,Mumbai,33.3,72.2,0.2,15.6,1008.9
2022-05-30,Mumbai,33.7,77.4,0.54,8.3,1012.4
2022-05-31,Mumbai,28.4,73.1,0.47,14.5,1010.8
2022-06-01,Mumbai,28.3,82.7,2.87,19.8,1015.5
2022-06-02,Mumbai,29.3,71.5,2.29,17.1,1011.7
2022-06-03,Mumbai,30.9,76.9,4.88,13.7,1011.0
2022-06-04,Mumbai,27.0,73.0,3.38,22.9,1014.2
2022-06-05,Mumbai,30.3,72.7,1.19,23.3,1015.6
2022-06-06,Mumbai,30.2,70.4,0.97,7.7,1011.6
2022-06-07,Mumbai,23.9,73.0,0.65,12.4,1014.2
2022-06-08,Mumbai,31.4,71.0,2.4,14.3,1009.9
2022-06-09,Mumbai,22.0,48.0,0.69,11.6,1012.4
2022-06-10,Mumbai,30.8,73.3,2.2,14.4,1008.0
2022-06-11,Mumbai,31.4,80.6,0.98,16.3,1010.0
2022-06-12,Mumbai,28.1,74.5,0.16,17.0,1009.8
2022-06-13,Mumbai,27.5,71.7,0.53,10.3,1016.7
2022-06-14,Mumbai,27.4,72.4,1.03,8.8,1012.5
2022-06-15,Mumbai,26.7,68.8,0.81,7.5,1011.4
2022-06-16,Mumbai,30.1,58.1,0.01,11.8,1012.5
2022-06-17,Mumbai,32.0,88.2,0.13,14.4,1010.7
2022-06-18,Mumbai,31.2,68.5,0.21,5.8,1010.7
2022-06-19,Mumbai,30.6,75.0,3.75,11.3,1013.8
2022-06-20,Mumbai,25.9,63.3,0.14,9.6,1016.8
2022-06-21,Mumbai,33.5,77.1,1.33,20.2,1010.1
2022-06-22,Mumbai,26.7,72.6,0.24,12.2,1014.6
2022-06-23,Mumbai,24.7,81.9,0.56,19.4,1011.6
2022-06-24,Mumbai,24.9,65.8,0.9,14.3,1012.2
2022-06-25,Mumbai,29.7,53.2,8.98,8.9,1015.7
2022-06-26,Mumbai,22.4,48.3,2.01,22.1,1012.7
2022-06-27,Mumbai,32.4,56.9,0.98,16.4,1012.8
2022-06-28,Mumbai,32.0,54.8,1.93,15.1,1011.2
2022-06-29,Mumbai,25.5,76.3,3.22,9.3,1010.6
2022-06-30,Mumbai,26.2,74.5,2.98,6.5,1016.3
2022-07-01,Mumbai,27.2,67.8,0.78,22.6,1014.6
2022-07-02,Mumbai,32.5,66.7,4.27,23.1,1014.6
2022-07-03,Mumbai,22.4,86.0,0.04,21.9,1017.3
2022-07-04,Mumbai,30.5,76.0,2.19,16.6,1016.4
2022-07-05,Mumbai,26.4,79.2,0.76,20.7,1012.5
2022-07-06,Mumbai,25.7,67.2,0.53,7.0,1009.1
2022-07-07,Mumbai,24.9,73.8,5.24,22.1,1016.3
2022-07-08,Mumbai,28.4,65.7,2.17,14.1,1017.0
2022-07-09,Mumbai,28.4,72.4,0.22,5.8,1017.7
2022-07-10,Mumbai,27.7,68.0,2.1,22.6,1010.5
2022-07-11,Mumbai,25.1,70.2,1.27,11.1,1016.7
2022-07-12,Mumbai,25.7,76.1,0.35,18.8,1017.8
2022-07-13,Mumbai,28.4,58.6,10.94,15.6,1016.4
2022-07-14,Mumbai,28.2,74.3,4.87,15.6,1010.9
2022-07-15,Mumbai,24.2,66.1,0.88,19.2,1009.8
2022-07-16,Mumbai,24.7,67.5,1.23,17.6,1015.1
2022-07-17,Mumbai,24.2,66.7,1.5,12.3,1008.0
2022-07-18,Mumbai,28.5,82.7,0.07,5.1,1015.3
2022-07-19,Mumbai,27.6,61.4,2.17,24.1,1010.5
2022-07-20,Mumbai,31.5,62.8,2.57,12.1,1017.9
2022-07-21,Mumbai,24.7,61.3,0.32,16.8,1010.9
2022-07-22,Mumbai,30.6,68.7,0.69,16.8,1009.4
2022-07-23,Mumbai,28.9,63.4,1.87,15.6,1013.2
2022-07-24,Mumbai,26.5,67.6,1.23,13.9,1012.6
2022-07-25,Mumbai,26.4,61.6,1.43,20.2,1009.6
2022-07-26,Mumbai,30.9,87.0,0.43,20.4,1009.7
2022-07-27,Mumbai,25.6,68.5,2.31,23.3,1012.1
2022-07-28,Mumbai,30.1,75.0,0.35,17.6,1017.2
2022-07-29,Mumbai,24.7,59.7,0.33,10.0,1011.9
2022-07-30,Mumbai,27.5,74.2,0.88,23.7,1016.4
2022-07-31,Mumbai,24.2,67.3,1.71,11.4,1010.6
2022-08-01,Mumbai,27.2,82.0,0.2,10.5,1010.1
2022-08-02,Mumbai,26.7,68.0,4.92,11.9,1015.1
2022-08-03,Mumbai,23.3,68.7,1.4,20.2,1010.9
2022-08-04,Mumbai,22.6,61.1,1.62,22.5,1016.3
2022-08-05,Mumbai,22.1,68.2,2.9,6.6,1008.4
2022-08-06,Mumbai,22.6,82.0,1.48,13.3,1016.1
2022-08-07,Mumbai,22.5,77.3,1.23,5.4,1009.7
2022-08-08,Mumbai,27.1,78.7,7.17,8.8,1009.2
2022-08-09,Mumbai,27.5,67.3,1.5,24.5,1013.9
2022-08-10,Mumbai,24.0,90.3,0.15,21.3,1014.5
2022-08-11,Mumbai,25.7,74.3,1.81,6.3,1010.7
2022-08-12,Mumbai,21.5,55.9,0.56,16.5,1012.7
2022-08-13,Mumbai,22.9,73.2,2.16,16.6,1016.5
2022-08-14,Mumbai,25.0,59.3,0.76,19.7,1015.4
2022-08-15,Mumbai,25.9,78.0,0.68,8.1,1011.5
2022-08-16,Mumbai,24.9,59.8,1.14,24.3,1010.0
2022-08-17,Mumbai,25.3,69.3,1.72,11.0,1013.4
2022-08-18,Mumbai,23.0,69.0,0.74,14.7,1013.2
2022-08-19,Mumbai,25.1,59.1,1.51,15.9,1009.8
2022-08-20,Mumbai,30.7,73.1,0.63,23.7,1008.1
2022-08-21,Mumbai,28.8,62.4,1.48,10.8,1011.2
2022-08-22,Mumbai,28.5,79.5,4.21,23.0,1013.6
2022-08-23,Mumbai,28.0,73.4,0.04,15.9,1017.1
2022-08-24,Mumbai,25.2,65.0,0.8,12.1,1008.4
2022-08-25,Mumbai,20.8,60.3,4.02,12.0,1012.5
2022-08-26,Mumbai,20.8,60.9,9.28,21.5,1013.4
2022-08-27,Mumbai,23.1,91.6,0.79,6.0,1012.0
2022-08-28,Mumbai,22.8,67.5,0.26,16.7,1011.0
2022-08-29,Mumbai,23.9,68.1,0.47,15.9,1015.9
2022-08-30,Mumbai,26.3,70.0,2.97,7.1,1017.0
2022-08-31,Mumbai,22.5,62.5,1.78,8.5,1014.8
2022-09-01,Mumbai,22.1,60.0,4.87,18.5,1013.5
2022-09-02,Mumbai,23.6,60.4,2.46,21.3,1009.3
2022-09-03,Mumbai,22.6,35.1,0.86,20.8,1009.0
2022-09-04,Mumbai,19.8,55.5,4.03,19.9,1008.8
2022-09-05,Mumbai,20.9,78.5,0.66,5.3,1009.2
2022-09-06,Mumbai,27.0,77.3,1.25,23.4,1015.9
2022-09-07,Mumbai,21.7,77.8,0.25,5.7,1014.1
2022-09-08,Mumbai,22.0,57.2,2.32,22.0,1011.2
2022-09-09,Mumbai,19.8,73.9,2.12,9.1,1017.1
2022-09-10,Mumbai,17.4,82.1,4.69,23.1,1009.4
2022-09-11,Mumbai,27.8,74.2,6.29,18.3,1012.1
2022-09-12,Mumbai,21.6,59.2,12.4,13.6,1017.3
2022-09-13,Mumbai,25.4,77.4,0.82,20.2,1017.5
2022-09-14,Mumbai,22.9,83.6,0.22,14.5,1016.9
2022-09-15,Mumbai,26.6,77.5,2.25,9.5,1010.8
2022-09-16,Mumbai,21.2,59.8,4.89,19.8,1011.6
2022-09-17,Mumbai,22.6,80.6,1.1,9.6,1012.3
2022-09-18,Mumbai,19.8,73.8,0.03,22.8,1011.7
2022-09-19,Mumbai,22.8,70.9,3.42,22.7,1013.5
2022-09-20,Mumbai,22.5,65.9,3.11,22.7,1014.2
2022-09-21,Mumbai,20.9,85.5,0.4,14.2,1013.1
2022-09-22,Mumbai,19.8,72.3,0.81,13.7,1017.6
2022-09-23,Mumbai,28.0,61.6,1.25,18.0,1008.1
2022-09-24,Mumbai,22.3,59.7,1.25,11.0,1014.7
2022-09-25,Mumbai,18.2,70.9,3.5,21.7,1016.3
2022-09-26,Mumbai,29.3,71.5,2.94,15.3,1011.9
2022-09-27,Mumbai,23.1,74.3,10.17,14.8,1016.4
2022-09-28,Mumbai,30.7,72.5,0.6,18.2,1009.4
2022-09-29,Mumbai,21.1,61.4,0.66,6.8,1017.7
2022-09-30,Mumbai,22.3,78.4,7.09,23.2,1012.5
2022-10-01,Mumbai,22.3,64.7,0.05,22.5,1008.3
2022-10-02,Mumbai,24.3,59.2,0.64,16.3,1015.1
2022-10-03,Mumbai,22.3,63.1,0.19,11.3,1008.1
2022-10-04,Mumbai,22.6,77.8,0.14,17.1,1014.5
2022-10-05,Mumbai,27.3,92.9,0.23,7.5,1011.9
2022-10-06,Mumbai,30.3,80.3,0.97,12.5,1015.1
2022-10-07,Mumbai,17.8,64.5,1.16,6.4,1017.0
2022-10-08,Mumbai,24.8,65.3,0.46,23.1,1010.6
2022-10-09,Mumbai,20.1,77.8,0.09,14.6,1012.8
2022-10-10,Mumbai,26.0,80.1,1.3,19.3,1017.7
2022-10-11,Mumbai,20.9,67.1,0.9,7.6,1010.7
2022-10-12,Mumbai,20.7,76.2,0.21,18.2,1009.1
2022-10-13,Mumbai,25.1,69.9,0.51,22.5,1008.0
2022-10-14,Mumbai,23.8,69.5,0.21,7.9,1016.6
2022-10-15,Mumbai,23.6,72.9,0.48,22.4,1013.7
2022-10-16,Mumbai,20.4,74.1,0.13,10.3,1008.8
2022-10-17,Mumbai,23.0,74.2,0.16,19.2,1014.3
2022-10-18,Mumbai,22.9,74.0,0.75,17.6,1009.0
2022-10-19,Mumbai,20.6,82.1,1.4,17.1,1010.6
2022-10-20,Mumbai,24.8,66.9,0.01,23.2,1013.8
2022-10-21,Mumbai,24.2,71.3,0.08,5.6,1009.2
2022-10-22,Mumbai,21.1,77.3,0.46,9.2,1015.4
2022-10-23,Mumbai,25.7,73.0,1.14,14.2,1014.3
2022-10-24,Mumbai,15.6,69.4,0.41,16.7,1010.4
2022-10-25,Mumbai,25.0,79.0,0.12,5.3,1018.0
2022-10-26,Mumbai,26.2,57.5,0.17,17.4,1009.4
2022-10-27,Mumbai,24.4,60.2,0.03,14.7,1010.8
2022-10-28,Mumbai,26.8,54.7,0.1,12.7,1017.6
2022-10-29,Mumbai,21.5,61.4,0.2,14.6,1016.4
2022-10-30,Mumbai,19.9,82.7,0.06,22.9,1009.9
2022-10-31,Mumbai,22.4,70.4,0.3,19.3,1008.5
2022-11-01,Mumbai,19.5,49.1,0.5,5.9,1008.3
2022-11-02,Mumbai,23.6,83.0,0.56,5.3,1009.8
2022-11-03,Mumbai,22.8,65.9,0.44,9.3,1011.8
2022-11-04,Mumbai,19.5,51.9,0.08,14.8,1011.2
2022-11-05,Mumbai,27.8,73.6,0.11,8.1,1011.5
2022-11-06,Mumbai,25.3,77.0,0.18,22.4,1013.1
2022-11-07,Mumbai,23.5,73.5,0.62,15.4,1016.4
2022-11-08,Mumbai,26.0,73.8,0.51,13.8,1017.8
2022-11-09,Mumbai,23.4,73.8,0.16,24.5,1015.4
2022-11-10,Mumbai,25.6,77.3,0.09,7.8,1013.6
2022-11-11,Mumbai,24.7,71.6,0.14,7.4,1012.1
2022-11-12,Mumbai,22.9,57.2,0.02,13.3,1015.6
2022-11-13,Mumbai,23.9,52.9,0.23,23.7,1011.5
2022-11-14,Mumbai,24.9,57.9,1.61,14.1,1013.7
2022-11-15,Mumbai,22.7,53.7,0.83,5.6,1014.9
2022-11-16,Mumbai,23.5,59.3,0.09,18.2,1011.1
2022-11-17,Mumbai,25.4,69.3,0.73,22.7,1016.2
2022-11-18,Mumbai,24.5,91.6,0.14,8.5,1016.2
2022-11-19,Mumbai,18.1,76.2,0.31,22.3,1017.3
2022-11-20,Mumbai,26.7,58.8,0.31,8.6,1016.8
2022-11-21,Mumbai,22.7,78.6,0.45,15.3,1009.6
2022-11-22,Mumbai,19.3,77.7,0.08,23.7,1012.9
2022-11-23,Mumbai,26.9,84.5,0.35,7.8,1015.5
2022-11-24,Mumbai,28.9,60.3,0.6,19.1,1013.5
2022-11-25,Mumbai,25.7,67.5,0.03,14.6,1017.1
2022-11-26,Mumbai,23.0,76.5,0.76,12.2,1016.8
2022-11-27,Mumbai,27.2,60.2,0.2,16.7,1013.2
2022-11-28,Mumbai,23.8,81.3,0.63,10.6,1011.2
2022-11-29,Mumbai,22.9,63.1,0.7,5.9,1009.5
2022-11-30,Mumbai,24.2,71.2,0.02,20.7,1017.1
2022-12-01,Mumbai,24.5,84.1,0.61,20.9,1015.7
2022-12-02,Mumbai,25.3,70.0,1.61,11.9,1017.7
2022-12-03,Mumbai,21.2,59.1,0.54,21.3,1011.9
2022-12-04,Mumbai,32.8,71.2,0.1,10.0,1017.1
2022-12-05,Mumbai,27.1,70.3,0.09,10.7,1011.1
2022-12-06,Mumbai,24.9,76.6,0.2,11.9,1012.5
2022-12-07,Mumbai,24.0,72.9,0.03,5.8,1013.7
2022-12-08,Mumbai,27.9,66.7,0.14,20.0,1014.0
2022-12-09,Mumbai,28.3,58.6,0.1,10.6,1010.1
2022-12-10,Mumbai,26.8,73.2,0.2,22.8,1014.7
2022-12-11,Mumbai,33.2,64.3,0.99,10.7,1017.2
2022-12-12,Mumbai,21.5,91.2,0.15,8.1,1016.7
2022-12-13,Mumbai,24.8,72.5,0.43,22.2,1015.2
2022-12-14,Mumbai,25.4,75.7,0.01,14.5,1008.9
2022-12-15,Mumbai,21.6,60.5,1.56,15.5,1017.1
2022-12-16,Mumbai,26.1,70.4,0.18,13.6,1016.7
2022-12-17,Mumbai,26.3,71.3,1.51,16.2,1017.6
2022-12-18,Mumbai,27.7,59.2,0.42,21.1,1015.6
2022-12-19,Mumbai,24.5,62.2,0.08,9.2,1015.4
2022-12-20,Mumbai,31.2,65.9,0.28,6.4,1010.1
2022-12-21,Mumbai,25.5,73.4,0.06,22.4,1014.0
2022-12-22,Mumbai,26.3,77.6,0.44,19.3,1012.2
2022-12-23,Mumbai,27.8,72.8,1.14,20.9,1017.6
2022-12-24,Mumbai,23.7,63.7,0.35,9.7,1011.9
2022-12-25,Mumbai,23.5,56.3,0.15,7.5,1015.1
2022-12-26,Mumbai,28.0,57.7,0.35,6.4,1017.2
2022-12-27,Mumbai,25.7,76.4,0.34,22.0,1010.5
2022-12-28,Mumbai,26.6,73.2,0.12,19.9,1011.4
2022-12-29,Mumbai,26.9,73.7,2.0,12.2,1011.7
2022-12-30,Mumbai,28.5,70.9,0.1,24.9,1009.4
2022-12-31,Mumbai,26.2,89.3,1.38,21.9,1010.5
2022-01-01,Delhi,27.1,65.8,0.67,18.8,1015.5
2022-01-02,Delhi,25.4,71.7,0.13,13.6,1016.9
2022-01-03,Delhi,22.5,59.5,0.16,9.0,1016.4
2022-01-04,Delhi,24.4,53.3,0.34,14.3,1009.4
2022-01-05,Delhi,26.4,54.7,0.72,8.8,1011.2
2022-01-06,Delhi,29.0,52.4,1.78,7.9,1015.7
2022-01-07,Delhi,26.3,61.0,0.4,9.2,1014.4
2022-01-08,Delhi,24.5,72.4,1.04,15.2,1012.9
2022-01-09,Delhi,27.1,74.3,0.22,15.1,1013.9
2022-01-10,Delhi,28.0,60.3,0.13,16.8,1016.2
2022-01-11,Delhi,26.4,63.4,1.1,11.7,1013.1
2022-01-12,Delhi,27.1,52.8,0.23,21.6,1015.7
2022-01-13,Delhi,28.6,63.6,0.05,19.2,1010.2
2022-01-14,Delhi,25.4,62.7,0.15,18.5,1009.8
2022-01-15,Delhi,25.8,57.3,0.49,10.0,1011.0
2022-01-16,Delhi,24.2,54.2,0.3,23.8,1012.0
2022-01-17,Delhi,27.3,76.2,0.75,20.4,1018.0
2022-01-18,Delhi,25.1,70.7,0.12,20.8,1009.9
2022-01-19,Delhi,26.1,64.3,0.05,22.9,1013.8
2022-01-20,Delhi,30.2,47.2,1.03,15.9,1012.2
2022-01-21,Delhi,29.5,78.6,0.59,12.2,1011.9
2022-01-22,Delhi,27.7,67.7,0.68,12.8,1011.4
2022-01-23,Delhi,27.2,70.9,0.0,19.2,1010.9
2022-01-24,Delhi,27.1,60.4,0.08,20.2,1014.7
2022-01-25,Delhi,24.8,53.3,0.89,18.5,1008.1
2022-01-26,Delhi,26.0,71.7,0.45,13.5,1013.8
2022-01-27,Delhi,28.6,75.2,1.71,8.6,1014.2
2022-01-28,Delhi,31.1,54.6,0.55,23.3,1009.6
2022-01-29,Delhi,25.6,59.4,0.25,8.1,1014.2
2022-01-30,Delhi,27.9,47.4,0.32,17.5,1013.8
2022-01-31,Delhi,33.8,68.8,0.55,9.1,1011.2
2022-02-01,Delhi,26.7,57.6,0.69,12.2,1013.5
2022-02-02,Delhi,28.1,64.0,0.38,19.2,1010.2
2022-02-03,Delhi,26.6,64.8,0.16,9.7,1009.0
2022-02-04,Delhi,28.5,62.6,0.89,10.6,1014.2
2022-02-05,Delhi,22.7,41.6,0.36,8.4,1014.4
2022-02-06,Delhi,27.4,63.4,0.1,25.0,1016.2
2022-02-07,Delhi,26.3,51.2,0.15,20.3,1011.8
2022-02-08,Delhi,22.4,56.5,0.06,17.0,1008.5
2022-02-09,Delhi,25.3,64.0,0.12,14.7,1012.5
2022-02-10,Delhi,29.8,53.2,0.02,10.5,1012.7
2022-02-11,Delhi,32.9,65.7,1.38,5.2,1015.2
2022-02-12,Delhi,25.8,79.5,0.47,24.7,1010.9
2022-02-13,Delhi,27.1,53.2,0.29,24.5,1015.7
2022-02-14,Delhi,30.6,69.9,0.03,10.3,1015.2
2022-02-15,Delhi,23.9,49.1,0.59,13.0,1008.3
2022-02-16,Delhi,36.1,69.0,0.97,13.2,1008.2
2022-02-17,Delhi,28.2,73.4,0.17,14.5,1017.9
2022-02-18,Delhi,30.9,41.4,0.49,8.6,1010.0
2022-02-19,Delhi,31.6,59.4,0.19,15.9,1017.0
2022-02-20,Delhi,29.1,60.4,0.32,18.8,1010.0
2022-02-21,Delhi,34.7,72.5,0.12,17.7,1008.3
2022-02-22,Delhi,23.9,72.3,0.83,10.1,1013.4
2022-02-23,Delhi,26.6,34.9,0.13,19.1,1010.5
2022-02-24,Delhi,31.7,60.6,1.02,10.8,1016.1
2022-02-25,Delhi,31.7,62.9,0.24,14.4,1009.7
2022-02-26,Delhi,27.9,77.8,0.15,9.8,1016.3
2022-02-27,Delhi,33.0,52.6,0.51,21.6,1016.9
2022-02-28,Delhi,32.7,73.2,0.23,17.1,1014.5
2022-03-01,Delhi,26.5,63.4,0.65,14.5,1008.1
2022-03-02,Delhi,21.7,64.1,0.19,14.4,1010.3
2022-03-03,Delhi,30.9,77.4,1.04,6.0,1011.0
2022-03-04,Delhi,27.0,79.7,0.04,18.3,1013.3
2022-03-05,Delhi,32.9,55.0,0.11,20.9,1015.0
2022-03-06,Delhi,31.2,66.4,0.05,10.6,1010.6
2022-03-07,Delhi,31.5,59.8,0.06,10.8,1016.7
2022-03-08,Delhi,31.8,75.9,0.16,8.6,1008.2
2022-03-09,Delhi,25.8,65.1,1.17,7.7,1017.2
2022-03-10,Delhi,25.5,51.1,0.23,13.2,1010.6
2022-03-11,Delhi,24.0,70.4,0.87,11.8,1015.6
2022-03-12,Delhi,32.1,64.0,0.28,24.8,1015.4
2022-03-13,Delhi,30.1,93.7,0.02,11.2,1017.6
2022-03-14,Delhi,28.8,47.1,0.36,5.7,1013.2
2022-03-15,Delhi,28.8,42.7,0.72,7.7,1016.8
2022-03-16,Delhi,33.2,60.2,0.31,9.8,1012.5
2022-03-17,Delhi,33.5,54.5,0.4,23.6,1013.7
2022-03-18,Delhi,27.8,56.4,0.25,5.9,1013.1
2022-03-19,Delhi,25.2,71.9,1.56,23.9,1009.0
2022-03-20,Delhi,30.4,58.4,0.1,24.5,1010.1
2022-03-21,Delhi,30.2,55.6,1.22,14.5,1017.2
2022-03-22,Delhi,26.7,48.6,0.34,17.3,1011.9
2022-03-23,Delhi,27.8,48.3,0.16,18.5,1011.7
2022-03-24,Delhi,28.0,66.6,0.24,6.2,1012.2
2022-03-25,Delhi,29.4,69.5,0.16,18.8,1014.3
2022-03-26,Delhi,35.1,56.5,0.4,18.2,1017.6
2022-03-27,Delhi,28.9,74.8,0.06,22.8,1014.3
2022-03-28,Delhi,28.7,50.2,0.02,19.0,1009.2
2022-03-29,Delhi,31.1,57.9,0.05,17.5,1012.2
2022-03-30,Delhi,29.2,55.8,0.93,23.5,1012.9
2022-03-31,Delhi,25.0,44.0,0.36,20.0,1012.9
2022-04-01,Delhi,31.3,67.0,1.47,22.8,1015.7
2022-04-02,Delhi,24.9,50.7,0.91,8.6,1014.1
2022-04-03,Delhi,27.6,46.9,0.3,23.0,1008.9
2022-04-04,Delhi,22.5,65.5,1.43,14.1,1013.0
2022-04-05,Delhi,31.4,59.5,0.35,11.6,1008.3
2022-04-06,Delhi,31.6,79.1,0.59,5.1,1016.0
2022-04-07,Delhi,27.5,93.2,1.63,10.7,1015.6
2022-04-08,Delhi,26.3,77.3,0.27,10.6,1013.5
2022-04-09,Delhi,31.9,47.1,0.91,14.5,1016.5
2022-04-10,Delhi,28.2,86.2,2.68,24.0,1010.7
2022-04-11,Delhi,26.3,57.1,0.04,16.5,1017.8
2022-04-12,Delhi,32.9,66.8,0.23,18.2,1012.9
2022-04-13,Delhi,31.7,67.4,0.15,11.8,1009.9
2022-04-14,Delhi,27.6,56.7,0.29,17.1,1009.6
2022-04-15,Delhi,35.2,59.2,0.23,7.5,1009.7
2022-04-16,Delhi,32.7,59.2,0.64,6.6,1014.4
2022-04-17,Delhi,32.3,57.7,0.43,23.8,1015.2
2022-04-18,Delhi,31.2,58.3,0.04,22.2,1014.2
2022-04-19,Delhi,28.0,50.9,0.22,8.2,1011.3
2022-04-20,Delhi,29.2,56.1,0.32,23.4,1018.0
2022-04-21,Delhi,30.8,54.4,1.05,20.7,1016.6
2022-04-22,Delhi,25.1,53.8,0.41,12.7,1012.6
2022-04-23,Delhi,31.8,55.4,0.97,23.0,1014.1
2022-04-24,Delhi,27.0,78.5,0.47,24.7,1009.9
2022-04-25,Delhi,29.6,68.2,1.23,14.9,1009.3
2022-04-26,Delhi,29.3,63.4,0.74,14.3,1010.0
2022-04-27,Delhi,33.3,60.5,0.09,8.7,1012.4
2022-04-28,Delhi,28.3,43.1,0.07,23.9,1009.3
2022-04-29,Delhi,28.2,46.6,1.01,13.2,1009.2
2022-04-30,Delhi,26.4,53.7,0.07,12.4,1013.9
2022-05-01,Delhi,34.3,55.4,0.41,10.5,1014.2
2022-05-02,Delhi,30.0,66.9,0.26,15.8,1010.7
2022-05-03,Delhi,30.1,57.0,1.66,17.5,1009.7
2022-05-04,Delhi,28.8,57.0,0.18,10.6,1012.7
2022-05-05,Delhi,26.6,61.4,0.37,21.1,1008.0
2022-05-06,Delhi,31.7,59.8,0.61,14.7,1009.6
2022-05-07,Delhi,24.9,57.9,0.78,22.8,1011.5
2022-05-08,Delhi,30.6,64.8,1.17,10.0,1017.3
2022-05-09,Delhi,31.4,47.3,0.04,12.8,1011.9
2022-05-10,Delhi,28.2,52.9,0.26,13.2,1012.4
2022-05-11,Delhi,26.9,63.0,0.01,15.4,1015.6
2022-05-12,Delhi,31.8,58.9,0.3,24.1,1012.8
2022-05-13,Delhi,26.9,51.7,0.76,11.5,1012.3
2022-05-14,Delhi,31.9,67.9,0.03,8.9,1015.1
2022-05-15,Delhi,28.6,44.6,0.17,12.3,1012.5
2022-05-16,Delhi,30.1,58.1,0.13,15.2,1014.6
2022-05-17,Delhi,31.2,53.6,0.09,9.1,1016.0
2022-05-18,Delhi,30.0,68.6,0.39,20.3,1013.5
2022-05-19,Delhi,26.5,66.5,0.63,14.7,1014.4
2022-05-20,Delhi,27.6,44.5,0.28,11.4,1018.0
2022-05-21,Delhi,32.1,51.6,0.37,6.0,1010.9
2022-05-22,Delhi,28.8,75.4,1.87,24.6,1009.0
2022-05-23,Delhi,20.9,73.3,0.14,20.0,1016.8
2022-05-24,Delhi,28.6,47.4,1.28,22.7,1015.2
2022-05-25,Delhi,31.6,72.0,0.19,10.1,1013.2
2022-05-26,Delhi,26.3,56.4,0.19,22.1,1013.7
2022-05-27,Delhi,33.0,59.5,0.7,22.4,1011.9
2022-05-28,Delhi,32.0,62.5,0.67,11.5,1015.0
2022-05-29,Delhi,29.5,49.3,1.73,12.1,1011.3
2022-05-30,Delhi,29.2,52.5,0.49,9.8,1016.0
2022-05-31,Delhi,26.9,51.1,0.52,20.2,1010.3
2022-06-01,Delhi,20.8,61.0,0.01,13.3,1012.4
2022-06-02,Delhi,28.6,54.0,0.8,6.4,1010.8
2022-06-03,Delhi,30.3,68.6,0.17,7.3,1011.8
2022-06-04,Delhi,31.5,67.1,0.03,11.6,1012.2
2022-06-05,Delhi,28.8,60.0,0.63,12.8,1012.4
2022-06-06,Delhi,29.9,57.3,0.99,17.9,1010.8
2022-06-07,Delhi,27.4,42.5,2.84,6.2,1017.2
2022-06-08,Delhi,30.4,56.7,3.67,22.4,1008.9
2022-06-09,Delhi,26.0,57.5,1.93,6.4,1011.8
2022-06-10,Delhi,28.3,82.0,1.49,14.2,1017.6
2022-06-11,Delhi,23.6,56.0,2.5,6.5,1012.8
2022-06-12,Delhi,25.6,40.4,5.33,10.7,1010.9
2022-06-13,Delhi,26.2,54.4,0.91,18.6,1015.4
2022-06-14,Delhi,25.3,54.8,0.07,24.5,1008.1
2022-06-15,Delhi,28.1,57.9,0.44,17.1,1015.4
2022-06-16,Delhi,28.7,62.9,0.47,14.8,1016.6
2022-06-17,Delhi,25.2,53.9,0.13,7.9,1009.5
2022-06-18,Delhi,24.1,53.5,3.37,23.3,1012.1
2022-06-19,Delhi,23.4,56.7,2.67,18.5,1017.7
2022-06-20,Delhi,24.7,69.3,1.72,13.9,1014.7
2022-06-21,Delhi,26.0,54.8,0.23,13.7,1010.1
2022-06-22,Delhi,28.3,61.8,1.71,18.9,1014.8
2022-06-23,Delhi,25.7,56.8,0.76,12.2,1011.3
2022-06-24,Delhi,32.1,71.9,1.77,9.0,1017.7
2022-06-25,Delhi,22.4,77.2,2.43,17.3,1011.1
2022-06-26,Delhi,19.9,57.8,1.68,10.5,1014.2
2022-06-27,Delhi,26.0,66.9,0.52,22.8,1016.6
2022-06-28,Delhi,23.3,47.0,2.42,6.8,1008.8
2022-06-29,Delhi,20.6,61.9,0.32,10.6,1014.5
2022-06-30,Delhi,22.0,62.1,0.73,5.9,1013.9
2022-07-01,Delhi,26.7,59.4,2.21,21.2,1013.8
2022-07-02,Delhi,28.6,59.5,0.28,19.3,1014.8
2022-07-03,Delhi,22.8,53.6,0.83,23.3,1015.6
2022-07-04,Delhi,27.4,47.6,2.4,22.7,1010.3
2022-07-05,Delhi,27.1,52.0,0.25,20.3,1009.7
2022-07-06,Delhi,29.4,68.1,2.71,10.1,1017.4
2022-07-07,Delhi,22.5,53.4,0.28,11.4,1009.9
2022-07-08,Delhi,28.9,44.9,0.7,20.1,1010.3
2022-07-09,Delhi,28.3,47.0,2.51,17.5,1016.0
2022-07-10,Delhi,25.5,56.3,0.22,16.2,1013.9
2022-07-11,Delhi,23.0,57.3,1.52,24.8,1013.3
2022-07-12,Delhi,27.6,60.0,2.02,14.6,1015.2
2022-07-13,Delhi,24.2,58.3,3.42,18.1,1010.8
2022-07-14,Delhi,25.2,56.7,0.26,24.9,1012.3
2022-07-15,Delhi,28.0,73.7,6.48,22.5,1013.3
2022-07-16,Delhi,24.4,42.4,1.24,23.9,1015.3
2022-07-17,Delhi,24.9,83.9,0.68,20.9,1014.0
2022-07-18,Delhi,22.8,50.5,1.13,9.2,1017.5
2022-07-19,Delhi,28.0,61.9,0.53,20.2,1011.3
2022-07-20,Delhi,25.0,43.1,1.1,18.6,1009.1
2022-07-21,Delhi,22.1,63.1,3.02,16.0,1009.8
2022-07-22,Delhi,21.3,75.3,2.32,7.2,1017.7
2022-07-23,Delhi,22.0,53.0,1.23,11.5,1017.8
2022-07-24,Delhi,21.1,57.8,0.96,14.9,1008.2
2022-07-25,Delhi,21.7,58.1,1.61,20.4,1014.9
2022-07-26,Delhi,22.1,40.1,4.09,14.2,1011.0
2022-07-27,Delhi,26.8,74.6,1.02,5.6,1008.9
2022-07-28,Delhi,25.8,47.6,0.52,10.5,1008.4
2022-07-29,Delhi,23.9,64.9,1.38,20.9,1008.6
2022-07-30,Delhi,19.6,67.7,0.69,15.4,1013.1
2022-07-31,Delhi,19.5,73.7,1.83,15.2,1017.8
2022-08-01,Delhi,19.9,56.6,0.86,9.6,1017.9
2022-08-02,Delhi,24.1,56.1,0.44,9.5,1010.5
2022-08-03,Delhi,19.4,53.6,1.7,21.4,1015.7
2022-08-04,Delhi,23.0,68.9,1.37,5.9,1013.8
2022-08-05,Delhi,25.0,52.2,2.2,12.1,1013.7
2022-08-06,Delhi,24.9,44.7,3.87,20.1,1011.5
2022-08-07,Delhi,19.4,78.0,3.33,18.7,1013.4
2022-08-08,Delhi,20.2,61.5,1.05,20.9,1008.4
2022-08-09,Delhi,19.0,42.9,0.3,12.6,1014.7
2022-08-10,Delhi,19.4,70.7,1.8,16.7,1013.3
2022-08-11,Delhi,16.3,57.3,3.22,15.0,1015.1
2022-08-12,Delhi,20.7,54.8,3.18,6.3,1017.4
2022-08-13,Delhi,22.0,60.7,0.13,22.9,1017.8
2022-08-14,Delhi,17.2,55.5,0.03,20.7,1011.1
2022-08-15,Delhi,19.3,55.1,2.51,15.6,1015.2
2022-08-16,Delhi,21.8,78.5,1.45,8.6,1016.0
2022-08-17,Delhi,24.4,55.8,0.82,6.4,1012.2
2022-08-18,Delhi,25.7,55.2,4.45,24.4,1017.5
2022-08-19,Delhi,19.4,60.2,2.06,14.2,1017.5
2022-08-20,Delhi,17.8,63.4,0.16,22.0,1012.1
2022-08-21,Delhi,15.1,70.5,2.26,15.1,1010.8
2022-08-22,Delhi,24.7,64.1,3.59,7.2,1008.2
2022-08-23,Delhi,21.5,75.4,0.75,19.0,1017.3
2022-08-24,Delhi,21.1,44.0,5.0,14.4,1012.1
2022-08-25,Delhi,20.2,50.2,2.24,13.7,1011.2
2022-08-26,Delhi,15.4,52.1,0.45,18.9,1016.7
2022-08-27,Delhi,22.9,52.9,2.22,17.4,1012.5
2022-08-28,Delhi,19.1,57.4,3.9,16.5,1014.2
2022-08-29,Delhi,25.3,53.1,0.89,8.0,1009.9
2022-08-30,Delhi,21.0,61.6,4.45,13.9,1014.0
2022-08-31,Delhi,22.6,59.7,1.66,5.3,1015.9
2022-09-01,Delhi,19.2,55.8,1.53,24.8,1009.0
2022-09-02,Delhi,15.2,73.9,0.14,17.7,1010.9
2022-09-03,Delhi,28.2,46.1,0.35,9.1,1012.9
2022-09-04,Delhi,20.1,56.7,3.23,15.8,1009.6
2022-09-05,Delhi,19.9,52.4,1.74,11.8,1009.0
2022-09-06,Delhi,20.3,54.8,3.28,8.5,1009.1
2022-09-07,Delhi,17.3,88.0,0.19,10.7,1010.6
2022-09-08,Delhi,22.7,54.3,0.08,18.0,1017.9
2022-09-09,Delhi,17.5,46.0,2.2,16.4,1016.5
2022-09-10,Delhi,24.4,74.9,0.5,13.3,1011.4
2022-09-11,Delhi,24.4,85.1,5.45,9.8,1009.5
2022-09-12,Delhi,19.2,49.8,1.33,7.2,1016.8
2022-09-13,Delhi,20.2,50.0,4.36,17.8,1017.5
2022-09-14,Delhi,22.6,61.3,6.24,24.9,1013.7
2022-09-15,Delhi,17.1,56.4,2.89,16.8,1013.5
2022-09-16,Delhi,19.1,77.5,3.9,11.1,1010.2
2022-09-17,Delhi,19.4,66.1,0.86,10.4,1010.3
2022-09-18,Delhi,20.9,54.1,1.82,10.6,1014.1
2022-09-19,Delhi,18.9,69.8,0.63,21.5,1009.9
2022-09-20,Delhi,29.3,68.1,4.04,13.4,1012.0
2022-09-21,Delhi,14.0,42.4,2.47,10.0,1016.2
2022-09-22,Delhi,22.4,67.5,1.01,9.9,1010.3
2022-09-23,Delhi,19.0,55.4,0.83,8.9,1017.6
2022-09-24,Delhi,22.5,51.9,5.76,23.0,1010.5
2022-09-25,Delhi,17.6,56.0,0.18,21.4,1015.7
2022-09-26,Delhi,21.8,54.7,0.46,20.4,1017.6
2022-09-27,Delhi,19.2,67.6,0.52,18.6,1008.8
2022-09-28,Delhi,18.3,44.2,5.2,10.8,1012.0
2022-09-29,Delhi,21.8,57.8,0.54,16.0,1016.4
2022-09-30,Delhi,23.6,49.4,0.97,24.1,1008.7
2022-10-01,Delhi,19.4,77.5,0.04,11.9,1017.4
2022-10-02,Delhi,16.8,55.1,0.12,23.3,1015.6
2022-10-03,Delhi,22.3,57.7,0.49,13.4,1013.0
2022-10-04,Delhi,19.1,59.0,1.07,18.2,1009.2
2022-10-05,Delhi,21.7,61.4,0.13,10.8,1013.6
2022-10-06,Delhi,25.1,64.0,0.96,9.1,1015.7
2022-10-07,Delhi,20.3,64.2,0.11,12.3,1010.4
2022-10-08,Delhi,16.2,64.6,2.97,18.7,1013.7
2022-10-09,Delhi,19.5,69.8,0.67,6.6,1011.1
2022-10-10,Delhi,22.3,47.9,0.21,20.7,1015.5
2022-10-11,Delhi,15.7,51.0,0.04,21.6,1012.5
2022-10-12,Delhi,21.0,62.7,1.12,6.0,1009.9
2022-10-13,Delhi,21.0,52.6,0.33,21.0,1017.5
2022-10-14,Delhi,18.9,58.9,0.51,9.6,1012.0
2022-10-15,Delhi,23.1,70.7,0.07,24.7,1008.1
2022-10-16,Delhi,20.4,56.9,0.07,8.1,1015.0
2022-10-17,Delhi,22.6,63.4,1.32,21.8,1008.1
2022-10-18,Delhi,22.9,47.7,0.3,6.9,1010.8
2022-10-19,Delhi,23.4,47.5,0.52,23.5,1008.0
2022-10-20,Delhi,22.0,65.9,0.02,20.8,1010.2
2022-10-21,Delhi,23.9,55.6,0.38,15.0,1011.5
2022-10-22,Delhi,19.5,63.4,1.05,15.8,1010.4
2022-10-23,Delhi,19.3,77.3,0.31,6.0,1014.9
2022-10-24,Delhi,19.7,73.8,0.12,20.9,1012.8
2022-10-25,Delhi,23.7,83.0,0.17,10.0,1008.0
2022-10-26,Delhi,25.9,56.4,0.68,6.3,1017.2
2022-10-27,Delhi,13.0,52.3,0.02,18.1,1015.1
2022-10-28,Delhi,16.4,57.9,0.15,19.5,1015.1
2022-10-29,Delhi,22.2,56.3,0.33,7.4,1014.5
2022-10-30,Delhi,21.1,54.5,0.19,12.9,1010.5
2022-10-31,Delhi,21.0,59.3,0.79,12.2,1011.2
2022-11-01,Delhi,20.1,59.0,1.45,12.9,1015.1
2022-11-02,Delhi,25.4,63.3,0.07,23.9,1014.7
2022-11-03,Delhi,14.4,46.5,0.18,24.9,1014.6
2022-11-04,Delhi,19.4,58.8,0.62,14.2,1011.3
2022-11-05,Delhi,23.2,33.4,1.97,14.9,1016.1
2022-11-06,Delhi,23.0,57.5,0.32,11.8,1009.1
2022-11-07,Delhi,27.2,62.0,0.12,23.5,1010.3
2022-11-08,Delhi,21.4,39.0,0.06,6.1,1011.7
2022-11-09,Delhi,22.3,62.5,0.86,8.9,1008.8
2022-11-10,Delhi,17.7,53.8,0.13,7.4,1010.5
2022-11-11,Delhi,22.3,56.4,2.57,11.5,1017.2
2022-11-12,Delhi,22.1,54.9,0.42,6.0,1016.0
2022-11-13,Delhi,19.8,77.9,0.1,17.8,1013.9
2022-11-14,Delhi,19.7,51.9,1.35,24.2,1016.7
2022-11-15,Delhi,24.5,41.6,0.03,23.9,1017.5
2022-11-16,Delhi,26.4,56.4,0.46,15.0,1011.0
2022-11-17,Delhi,20.2,52.0,0.08,14.7,1009.3
2022-11-18,Delhi,20.1,34.7,1.08,10.9,1013.6
2022-11-19,Delhi,16.3,65.9,1.54,17.0,1017.0
2022-11-20,Delhi,26.2,63.7,0.39,24.8,1010.0
2022-11-21,Delhi,17.1,63.2,0.13,17.8,1017.7
2022-11-22,Delhi,18.8,62.3,0.44,18.2,1015.4
2022-11-23,Delhi,18.2,50.9,0.78,6.6,1008.2
2022-11-24,Delhi,22.7,62.7,0.6,12.7,1008.1
2022-11-25,Delhi,26.6,70.3,0.13,18.8,1015.9
2022-11-26,Delhi,17.3,70.5,0.96,22.6,1014.6
2022-11-27,Delhi,21.8,58.2,0.62,9.2,1015.4
2022-11-28,Delhi,16.5,51.0,0.41,6.3,1008.1
2022-11-29,Delhi,22.6,59.7,0.39,10.6,1013.4
2022-11-30,Delhi,25.4,65.2,0.87,22.1,1009.1
2022-12-01,Delhi,20.3,73.4,0.07,7.0,1016.2
2022-12-02,Delhi,23.3,57.6,0.06,15.3,1011.9
2022-12-03,Delhi,26.8,32.5,0.42,19.5,1015.7
2022-12-04,Delhi,25.2,48.7,0.25,6.4,1012.5
2022-12-05,Delhi,24.4,60.8,0.08,10.4,1008.6
2022-12-06,Delhi,23.6,59.5,0.21,9.1,1009.5
2022-12-07,Delhi,18.9,67.3,0.92,8.7,1016.5
2022-12-08,Delhi,28.9,44.0,0.16,12.8,1012.6
2022-12-09,Delhi,24.7,59.5,0.24,15.2,1016.9
2022-12-10,Delhi,20.0,72.0,0.2,18.0,1017.9
2022-12-11,Delhi,22.0,52.0,0.93,24.3,1015.1
2022-12-12,Delhi,24.2,66.0,1.73,23.7,1012.1
2022-12-13,Delhi,23.1,66.1,0.1,15.7,1015.5
2022-12-14,Delhi,26.9,59.6,0.33,23.0,1008.0
2022-12-15,Delhi,19.9,67.1,1.27,14.1,1014.6
2022-12-16,Delhi,27.9,54.8,0.61,19.0,1017.9
2022-12-17,Delhi,26.8,77.0,0.02,14.3,1009.9
2022-12-18,Delhi,23.2,62.8,0.13,11.4,1015.0
2022-12-19,Delhi,24.7,68.3,2.86,22.4,1012.2
2022-12-20,Delhi,27.7,69.4,0.85,14.5,1015.4
2022-12-21,Delhi,19.0,54.7,0.24,7.1,1016.2
2022-12-22,Delhi,28.2,66.3,0.05,10.2,1012.6
2022-12-23,Delhi,28.1,55.4,0.13,12.0,1014.5
2022-12-24,Delhi,19.4,57.5,0.59,7.7,1013.4
2022-12-25,Delhi,27.0,53.7,0.38,18.6,1008.6
2022-12-26,Delhi,23.3,41.0,1.45,11.4,1017.0
2022-12-27,Delhi,17.8,89.9,1.01,11.1,1016.0
2022-12-28,Delhi,28.3,62.7,1.17,8.3,1015.1
2022-12-29,Delhi,26.3,55.6,0.04,17.4,1008.5
2022-12-30,Delhi,29.8,45.6,3.42,11.0,1016.2
2022-12-31,Delhi,20.1,60.4,0.38,17.6,1016.1
2022-01-01,Bangalore,21.0,67.8,0.28,19.5,1012.9
2022-01-02,Bangalore,25.4,56.8,1.23,20.2,1012.0
2022-01-03,Bangalore,25.3,51.6,0.51,16.4,1013.2
2022-01-04,Bangalore,27.7,65.5,0.53,23.2,1017.9
2022-01-05,Bangalore,29.7,64.0,0.98,10.9,1017.3
2022-01-06,Bangalore,24.0,57.9,0.51,15.5,1013.4
2022-01-07,Bangalore,21.9,54.2,2.01,13.7,1017.5
2022-01-08,Bangalore,25.3,74.2,0.3,18.5,1009.8
2022-01-09,Bangalore,18.8,53.2,0.46,24.3,1008.5
2022-01-10,Bangalore,23.3,71.6,0.12,10.5,1010.0
2022-01-11,Bangalore,25.9,53.6,0.23,12.4,1016.1
2022-01-12,Bangalore,22.9,65.8,0.42,11.5,1012.1
2022-01-13,Bangalore,25.8,67.9,1.39,10.7,1012.6
2022-01-14,Bangalore,18.9,69.6,0.15,10.6,1016.9
2022-01-15,Bangalore,25.5,61.9,0.98,23.4,1008.1
2022-01-16,Bangalore,22.1,46.4,0.42,17.7,1018.0
2022-01-17,Bangalore,22.2,89.1,0.27,8.0,1011.0
2022-01-18,Bangalore,26.6,67.5,0.39,10.9,1012.9
2022-01-19,Bangalore,22.6,53.9,0.98,23.9,1008.8
2022-01-20,Bangalore,23.0,57.3,0.25,18.8,1010.7
2022-01-21,Bangalore,29.3,57.1,0.67,11.5,1009.9
2022-01-22,Bangalore,18.8,63.7,0.11,22.6,1012.5
2022-01-23,Bangalore,24.1,58.6,0.1,16.0,1013.9
2022-01-24,Bangalore,27.0,48.4,0.02,17.5,1017.3
2022-01-25,Bangalore,30.3,61.1,0.01,7.1,1016.3
2022-01-26,Bangalore,26.6,70.8,0.87,16.8,1015.8
2022-01-27,Bangalore,25.7,63.3,1.53,8.2,1015.4
2022-01-28,Bangalore,22.6,69.8,0.6,23.5,1015.1
2022-01-29,Bangalore,23.7,58.5,0.79,13.2,1014.7
2022-01-30,Bangalore,25.3,68.0,0.61,7.4,1013.8
2022-01-31,Bangalore,25.1,65.5,0.16,12.5,1015.5
2022-02-01,Bangalore,25.2,60.9,0.65,17.9,1009.6
2022-02-02,Bangalore,20.9,70.8,0.41,21.5,1009.8
2022-02-03,Bangalore,31.5,68.2,0.64,15.1,1012.0
2022-02-04,Bangalore,28.1,74.9,0.34,11.8,1014.3
2022-02-05,Bangalore,23.8,88.4,0.07,23.3,1012.7
2022-02-06,Bangalore,27.6,64.4,0.54,24.3,1012.4
2022-02-07,Bangalore,23.7,58.8,0.66,17.3,1017.7
2022-02-08,Bangalore,25.8,63.4,2.39,13.6,1009.5
2022-02-09,Bangalore,26.6,54.0,0.36,7.4,1011.0
2022-02-10,Bangalore,23.2,51.7,0.28,8.9,1016.2
2022-02-11,Bangalore,25.3,48.1,0.4,12.5,1009.3
2022-02-12,Bangalore,33.3,61.4,0.26,14.6,1014.6
2022-02-13,Bangalore,27.5,55.6,1.24,11.5,1013.3
2022-02-14,Bangalore,29.8,49.3,0.12,6.6,1015.1
2022-02-15,Bangalore,30.1,87.8,0.32,14.7,1013.7
2022-02-16,Bangalore,27.0,55.5,0.68,24.0,1011.1
2022-02-17,Bangalore,30.4,58.4,0.13,19.8,1008.6
2022-02-18,Bangalore,26.0,61.2,0.41,13.4,1013.8
2022-02-19,Bangalore,25.9,55.1,0.4,21.5,1011.6
2022-02-20,Bangalore,27.7,66.0,0.86,18.0,1015.2
2022-02-21,Bangalore,28.2,66.9,0.3,8.2,1011.1
2022-02-22,Bangalore,29.4,54.4,0.34,24.2,1017.6
2022-02-23,Bangalore,23.4,58.6,0.38,7.5,1016.1
2022-02-24,Bangalore,24.7,56.5,0.04,15.5,1014.0
2022-02-25,Bangalore,23.9,51.5,0.45,19.7,1015.6
2022-02-26,Bangalore,30.8,55.9,0.02,20.4,1011.9
2022-02-27,Bangalore,26.6,57.6,0.73,17.0,1013.0
2022-02-28,Bangalore,26.4,50.2,0.19,12.5,1011.1
2022-03-01,Bangalore,28.2,62.4,0.65,9.7,1010.6
2022-03-02,Bangalore,30.5,67.2,0.21,13.1,1015.1
2022-03-03,Bangalore,24.2,51.9,0.44,16.8,1010.9
2022-03-04,Bangalore,29.2,58.4,0.1,8.7,1013.2
2022-03-05,Bangalore,25.4,54.6,0.43,9.9,1014.7
2022-03-06,Bangalore,28.1,65.2,0.23,16.3,1015.9
2022-03-07,Bangalore,29.1,61.5,0.91,12.4,1012.6
2022-03-08,Bangalore,25.7,55.9,0.24,10.9,1008.2
2022-03-09,Bangalore,28.1,55.7,0.11,17.0,1012.5
2022-03-10,Bangalore,23.8,68.6,0.18,12.5,1015.3
2022-03-11,Bangalore,24.3,87.6,0.92,9.1,1017.9
2022-03-12,Bangalore,24.9,57.1,1.12,20.1,1017.3
2022-03-13,Bangalore,29.4,70.9,0.0,14.5,1010.0
2022-03-14,Bangalore,31.3,62.3,0.09,5.1,1013.0
2022-03-15,Bangalore,26.5,54.3,0.02,11.6,1008.2
2022-03-16,Bangalore,26.1,95.0,0.03,9.8,1016.3
2022-03-17,Bangalore,25.3,36.1,0.6,19.3,1015.6
2022-03-18,Bangalore,23.7,54.9,0.03,12.6,1016.6
2022-03-19,Bangalore,29.7,61.4,0.6,14.6,1010.6
2022-03-20,Bangalore,25.6,54.8,0.17,5.9,1015.3
2022-03-21,Bangalore,27.3,62.7,0.53,14.4,1009.6
2022-03-22,Bangalore,30.3,40.5,0.3,13.6,1014.3
2022-03-23,Bangalore,24.9,68.5,0.52,13.8,1017.5
2022-03-24,Bangalore,30.0,54.1,0.3,21.4,1012.4
2022-03-25,Bangalore,33.0,41.4,0.91,15.4,1013.5
2022-03-26,Bangalore,28.4,40.3,0.12,23.2,1016.9
2022-03-27,Bangalore,25.8,48.9,0.01,13.8,1008.4
2022-03-28,Bangalore,27.7,75.3,1.15,8.8,1011.7
2022-03-29,Bangalore,32.6,59.2,0.03,7.2,1016.1
2022-03-30,Bangalore,31.4,65.6,0.06,20.2,1014.6
2022-03-31,Bangalore,29.1,68.6,0.98,11.7,1013.4
2022-04-01,Bangalore,28.4,77.2,0.44,20.7,1008.1
2022-04-02,Bangalore,26.3,48.8,0.13,21.0,1008.9
2022-04-03,Bangalore,31.5,53.1,0.27,11.4,1015.2
2022-04-04,Bangalore,26.1,49.5,0.29,9.2,1014.7
2022-04-05,Bangalore,31.6,50.0,0.07,11.4,1015.5
2022-04-06,Bangalore,27.1,50.0,0.12,22.2,1009.9
2022-04-07,Bangalore,30.3,62.5,0.47,25.0,1016.0
2022-04-08,Bangalore,26.3,78.2,0.85,15.3,1010.7
2022-04-09,Bangalore,25.8,53.2,0.94,12.6,1010.9
2022-04-10,Bangalore,25.1,69.9,0.26,10.4,1012.9
2022-04-11,Bangalore,28.7,61.4,0.0,6.6,1015.2
2022-04-12,Bangalore,33.4,73.4,0.52,16.6,1017.0
2022-04-13,Bangalore,26.5,53.9,0.52,24.7,1016.8
2022-04-14,Bangalore,28.4,69.0,0.06,14.1,1012.3
2022-04-15,Bangalore,28.5,62.4,0.53,7.6,1011.8
2022-04-16,Bangalore,28.9,61.9,0.46,23.3,1013.6
2022-04-17,Bangalore,29.9,43.0,0.23,18.7,1011.2
2022-04-18,Bangalore,31.0,42.9,0.09,14.1,1010.2
2022-04-19,Bangalore,29.2,57.0,0.45,10.3,1010.6
2022-04-20,Bangalore,29.6,66.6,0.25,21.4,1010.0
2022-04-21,Bangalore,27.0,62.8,0.16,6.4,1012.8
2022-04-22,Bangalore,37.1,58.4,0.38,6.3,1012.3
2022-04-23,Bangalore,28.6,55.2,1.33,14.4,1016.5
2022-04-24,Bangalore,28.4,56.7,0.37,22.1,1014.1
2022-04-25,Bangalore,29.8,50.9,0.08,9.6,1012.9
2022-04-26,Bangalore,29.9,54.5,0.42,21.1,1010.4
2022-04-27,Bangalore,31.0,61.2,0.1,19.5,1012.4
2022-04-28,Bangalore,27.0,64.1,1.61,10.0,1010.3
2022-04-29,Bangalore,28.8,59.2,0.31,24.3,1016.3
2022-04-30,Bangalore,26.2,64.5,0.1,6.6,1016.4
2022-05-01,Bangalore,25.9,63.3,0.06,10.7,1015.3
2022-05-02,Bangalore,28.2,54.7,0.09,18.0,1015.0
2022-05-03,Bangalore,30.7,48.3,0.93,17.9,1016.7
2022-05-04,Bangalore,27.3,74.4,0.6,17.4,1008.2
2022-05-05,Bangalore,29.5,52.4,0.18,6.4,1017.2
2022-05-06,Bangalore,26.4,46.5,0.44,8.9,1016.0
2022-05-07,Bangalore,26.5,49.1,1.02,16.2,1016.9
2022-05-08,Bangalore,23.7,42.3,0.35,6.2,1009.5
2022-05-09,Bangalore,24.1,66.1,0.66,8.9,1010.8
2022-05-10,Bangalore,25.4,72.6,0.65,10.2,1017.3
2022-05-11,Bangalore,35.1,43.8,0.21,12.0,1010.0
2022-05-12,Bangalore,24.9,57.7,0.16,9.0,1013.0
2022-05-13,Bangalore,29.7,67.0,0.53,14.7,1008.3
2022-05-14,Bangalore,27.7,56.8,0.66,20.8,1013.4
2022-05-15,Bangalore,26.5,70.8,0.11,13.8,1008.2
2022-05-16,Bangalore,25.7,73.2,0.33,21.7,1013.4
2022-05-17,Bangalore,27.6,58.4,0.32,5.9,1008.5
2022-05-18,Bangalore,23.0,52.2,0.26,16.3,1011.7
2022-05-19,Bangalore,29.5,63.9,0.03,17.7,1011.2
2022-05-20,Bangalore,27.2,54.9,0.2,6.9,1013.6
2022-05-21,Bangalore,34.2,44.1,1.0,10.7,1011.7
2022-05-22,Bangalore,28.0,69.8,0.85,10.3,1016.3
2022-05-23,Bangalore,27.1,60.6,0.69,16.4,1013.9
2022-05-24,Bangalore,28.3,67.8,1.48,19.0,1010.8
2022-05-25,Bangalore,21.0,65.9,0.24,23.3,1016.7
2022-05-26,Bangalore,30.4,45.2,0.16,9.4,1013.4
2022-05-27,Bangalore,24.7,63.5,0.79,14.0,1011.2
2022-05-28,Bangalore,27.3,67.5,0.59,5.6,1013.9
2022-05-29,Bangalore,27.8,48.9,0.59,10.4,1017.1
2022-05-30,Bangalore,24.1,64.9,0.88,13.0,1016.3
2022-05-31,Bangalore,20.3,63.9,0.2,7.1,1012.3
2022-06-01,Bangalore,26.2,57.5,0.61,5.6,1011.1
2022-06-02,Bangalore,29.9,52.5,0.83,5.4,1015.2
2022-06-03,Bangalore,26.8,61.8,0.05,9.4,1012.4
2022-06-04,Bangalore,28.3,58.9,4.95,23.8,1009.1
2022-06-05,Bangalore,33.2,56.3,1.09,16.7,1015.7
2022-06-06,Bangalore,22.4,63.0,1.88,24.6,1014.5
2022-06-07,Bangalore,24.0,51.2,2.93,6.6,1014.6
2022-06-08,Bangalore,26.9,72.3,0.28,14.1,1009.9
2022-06-09,Bangalore,22.8,52.3,4.81,14.0,1016.4
2022-06-10,Bangalore,24.5,54.7,1.28,17.9,1017.0
2022-06-11,Bangalore,27.1,72.0,2.43,5.5,1012.5
2022-06-12,Bangalore,23.1,65.3,1.06,19.7,1013.5
2022-06-13,Bangalore,26.9,61.7,1.02,22.3,1008.5
2022-06-14,Bangalore,27.0,63.0,5.65,10.0,1014.9
2022-06-15,Bangalore,26.3,66.0,0.47,10.5,1013.7
2022-06-16,Bangalore,27.2,76.7,0.95,22.2,1012.3
2022-06-17,Bangalore,23.2,65.8,1.57,20.8,1011.8
2022-06-18,Bangalore,30.5,60.2,1.75,21.8,1017.5
2022-06-19,Bangalore,30.2,47.1,2.04,6.5,1014.4
2022-06-20,Bangalore,24.8,54.7,0.15,18.8,1011.4
2022-06-21,Bangalore,27.3,68.2,6.99,19.9,1012.9
2022-06-22,Bangalore,20.6,49.5,3.36,17.1,1017.7
2022-06-23,Bangalore,24.7,46.0,2.8,10.4,1014.3
2022-06-24,Bangalore,27.2,60.6,6.06,9.7,1015.8
2022-06-25,Bangalore,22.9,70.4,2.41,8.7,1014.0
2022-06-26,Bangalore,20.5,56.7,2.48,18.5,1010.6
2022-06-27,Bangalore,26.5,61.2,0.88,8.3,1012.7
2022-06-28,Bangalore,25.8,67.6,2.6,20.8,1012.4
2022-06-29,Bangalore,27.6,63.3,6.89,13.3,1014.9
2022-06-30,Bangalore,23.3,53.0,2.93,13.7,1009.8
2022-07-01,Bangalore,21.7,62.5,5.41,16.9,1012.8
2022-07-02,Bangalore,23.5,63.5,5.81,22.8,1015.5
2022-07-03,Bangalore,21.7,69.0,0.14,15.6,1009.4
2022-07-04,Bangalore,22.3,71.1,2.05,20.9,1014.1
2022-07-05,Bangalore,24.6,55.5,6.29,10.8,1008.6
2022-07-06,Bangalore,19.1,44.5,1.27,16.2,1017.9
2022-07-07,Bangalore,18.6,68.4,4.52,13.5,1011.1
2022-07-08,Bangalore,24.2,64.6,1.54,7.4,1014.5
2022-07-09,Bangalore,24.1,48.8,1.24,11.8,1008.3
2022-07-10,Bangalore,17.9,45.9,0.69,14.4,1010.4
2022-07-11,Bangalore,21.3,66.7,1.59,22.1,1013.1
2022-07-12,Bangalore,20.7,57.8,1.92,15.1,1017.2
2022-07-13,Bangalore,23.2,71.0,1.66,19.2,1016.9
2022-07-14,Bangalore,21.3,48.6,0.74,7.0,1008.5
2022-07-15,Bangalore,18.8,72.9,0.07,16.3,1011.7
2022-07-16,Bangalore,22.9,64.5,0.85,19.8,1016.8
2022-07-17,Bangalore,21.9,56.7,0.74,17.5,1016.8
2022-07-18,Bangalore,22.5,66.2,0.63,21.1,1014.8
2022-07-19,Bangalore,19.1,81.6,4.18,12.7,1015.7
2022-07-20,Bangalore,22.5,64.9,2.78,13.9,1015.9
2022-07-21,Bangalore,18.9,67.1,0.24,7.6,1016.4
2022-07-22,Bangalore,21.6,59.0,6.65,18.6,1017.8
2022-07-23,Bangalore,24.9,45.8,1.18,24.6,1011.7
2022-07-24,Bangalore,21.7,76.3,1.87,18.3,1008.8
2022-07-25,Bangalore,14.3,61.5,5.35,17.6,1012.3
2022-07-26,Bangalore,23.0,72.3,0.79,24.1,1012.7
2022-07-27,Bangalore,21.7,58.1,1.77,21.8,1013.4
2022-07-28,Bangalore,25.6,68.3,1.44,15.7,1010.0
2022-07-29,Bangalore,22.8,63.5,3.67,5.2,1016.7
2022-07-30,Bangalore,20.1,59.6,0.14,24.4,1017.7
2022-07-31,Bangalore,19.3,44.9,1.43,20.2,1010.2
2022-08-01,Bangalore,25.2,76.4,1.01,5.6,1013.1
2022-08-02,Bangalore,19.3,60.5,1.2,9.8,1014.4
2022-08-03,Bangalore,18.8,54.9,3.04,14.2,1017.9
2022-08-04,Bangalore,18.0,52.6,0.71,9.7,1017.2
2022-08-05,Bangalore,13.4,52.0,2.41,24.3,1008.7
2022-08-06,Bangalore,23.8,51.8,4.08,8.6,1011.1
2022-08-07,Bangalore,18.2,81.9,3.3,13.1,1013.3
2022-08-08,Bangalore,22.4,68.3,2.95,13.3,1010.1
2022-08-09,Bangalore,17.0,66.8,4.18,21.9,1010.1
2022-08-10,Bangalore,23.3,56.2,3.99,20.4,1013.7
2022-08-11,Bangalore,21.0,52.2,0.08,11.6,1016.2
2022-08-12,Bangalore,20.6,44.8,3.6,9.6,1016.2
2022-08-13,Bangalore,19.2,42.1,0.64,23.0,1008.9
2022-08-14,Bangalore,12.7,63.7,3.8,6.9,1015.3
2022-08-15,Bangalore,16.7,65.2,1.33,11.4,1011.5
2022-08-16,Bangalore,24.2,55.3,1.76,10.6,1012.7
2022-08-17,Bangalore,20.0,69.8,1.73,9.5,1008.8
2022-08-18,Bangalore,19.9,67.7,2.23,14.2,1016.3
2022-08-19,Bangalore,25.8,43.7,2.38,12.0,1016.2
2022-08-20,Bangalore,12.3,47.3,0.5,18.7,1008.8
2022-08-21,Bangalore,15.4,46.5,0.52,6.2,1009.9
2022-08-22,Bangalore,16.8,62.1,0.63,18.0,1011.4
2022-08-23,Bangalore,10.2,72.4,1.61,24.1,1011.6
2022-08-24,Bangalore,17.3,65.4,4.42,24.1,1008.1
2022-08-25,Bangalore,21.2,62.6,0.99,21.4,1008.1
2022-08-26,Bangalore,17.1,56.7,0.69,24.4,1008.5
2022-08-27,Bangalore,19.8,53.4,3.84,19.1,1016.0
2022-08-28,Bangalore,18.1,38.1,0.0,10.6,1013.1
2022-08-29,Bangalore,20.1,48.5,0.3,9.0,1011.5
2022-08-30,Bangalore,20.9,58.2,0.09,22.1,1010.2
2022-08-31,Bangalore,18.2,57.6,2.0,6.5,1013.8
2022-09-01,Bangalore,22.5,54.6,4.78,17.1,1010.4
2022-09-02,Bangalore,17.8,41.6,2.41,17.1,1008.2
2022-09-03,Bangalore,15.5,59.0,1.18,15.3,1015.1
2022-09-04,Bangalore,14.3,49.7,4.2,6.3,1013.8
2022-09-05,Bangalore,23.0,60.7,1.21,7.7,1016.1
2022-09-06,Bangalore,20.4,74.6,0.44,5.8,1011.1
2022-09-07,Bangalore,15.7,66.6,4.0,15.7,1008.2
2022-09-08,Bangalore,17.3,66.4,0.21,19.0,1008.1
2022-09-09,Bangalore,14.6,68.8,1.27,21.6,1015.8
2022-09-10,Bangalore,19.7,53.8,0.63,22.2,1014.5
2022-09-11,Bangalore,24.1,62.4,0.38,24.6,1009.8
2022-09-12,Bangalore,22.5,50.3,5.09,22.8,1016.2
2022-09-13,Bangalore,12.1,51.6,2.83,20.9,1012.4
2022-09-14,Bangalore,23.4,66.7,5.28,16.6,1015.8
2022-09-15,Bangalore,19.7,54.1,0.34,7.6,1009.7
2022-09-16,Bangalore,18.2,39.4,1.05,14.3,1008.7
2022-09-17,Bangalore,21.3,67.1,2.72,16.3,1012.8
2022-09-18,Bangalore,16.8,58.0,1.82,19.3,1009.7
2022-09-19,Bangalore,13.1,54.7,1.4,17.2,1012.9
2022-09-20,Bangalore,21.3,50.5,1.13,10.6,1008.9
2022-09-21,Bangalore,18.6,64.1,0.44,8.6,1013.5
2022-09-22,Bangalore,14.3,60.9,4.71,16.7,1012.1
2022-09-23,Bangalore,18.4,50.8,0.16,11.9,1011.0
2022-09-24,Bangalore,20.7,65.6,0.3,23.2,1013.9
2022-09-25,Bangalore,23.8,67.2,0.2,20.8,1011.6
2022-09-26,Bangalore,17.8,64.3,1.46,5.5,1008.3
2022-09-27,Bangalore,18.6,71.1,0.68,11.7,1015.8
2022-09-28,Bangalore,16.0,43.6,1.47,18.6,1011.2
2022-09-29,Bangalore,17.0,50.6,0.24,16.0,1009.5
2022-09-30,Bangalore,20.6,51.8,3.74,6.2,1017.5
2022-10-01,Bangalore,20.8,61.5,0.36,13.6,1010.8
2022-10-02,Bangalore,17.4,55.9,0.64,13.9,1018.0
2022-10-03,Bangalore,19.4,51.5,0.27,6.3,1010.9
2022-10-04,Bangalore,18.7,69.3,0.91,5.2,1013.3
2022-10-05,Bangalore,16.8,53.0,0.01,20.0,1017.5
2022-10-06,Bangalore,14.8,53.5,0.12,23.6,1008.1
2022-10-07,Bangalore,14.6,70.2,0.1,16.8,1008.5
2022-10-08,Bangalore,18.7,54.1,2.24,23.4,1015.3
2022-10-09,Bangalore,20.5,75.9,0.07,11.2,1008.3
2022-10-10,Bangalore,18.0,71.3,1.46,18.7,1015.3
2022-10-11,Bangalore,19.7,50.0,0.31,16.1,1014.3
2022-10-12,Bangalore,18.0,50.9,0.12,8.5,1011.6
2022-10-13,Bangalore,17.4,58.3,0.42,8.6,1012.9
2022-10-14,Bangalore,21.2,63.3,0.04,22.2,1010.7
2022-10-15,Bangalore,19.5,51.0,0.56,5.7,1014.0
2022-10-16,Bangalore,19.4,47.4,1.38,5.9,1016.9
2022-10-17,Bangalore,20.3,74.8,0.53,8.4,1011.2
2022-10-18,Bangalore,15.7,72.0,1.55,5.4,1011.5
2022-10-19,Bangalore,18.5,63.4,1.43,5.3,1012.4
2022-10-20,Bangalore,24.4,48.9,0.65,6.6,1012.5
2022-10-21,Bangalore,20.3,48.3,0.04,24.1,1017.1
2022-10-22,Bangalore,21.0,56.1,0.02,22.8,1015.5
2022-10-23,Bangalore,17.2,66.3,0.43,7.6,1009.8
2022-10-24,Bangalore,19.0,56.0,0.24,20.9,1009.9
2022-10-25,Bangalore,16.1,59.3,3.99,20.5,1017.7
2022-10-26,Bangalore,23.8,51.7,0.35,7.5,1012.9
2022-10-27,Bangalore,17.4,59.3,1.49,10.8,1017.9
2022-10-28,Bangalore,13.2,53.0,0.39,21.8,1015.5
2022-10-29,Bangalore,16.6,50.4,0.01,8.2,1011.5
2022-10-30,Bangalore,21.5,66.5,0.43,6.0,1011.7
2022-10-31,Bangalore,16.0,80.8,0.17,23.7,1012.5
2022-11-01,Bangalore,18.1,51.9,0.7,17.8,1015.4
2022-11-02,Bangalore,15.4,50.0,0.25,8.8,1014.9
2022-11-03,Bangalore,15.1,47.9,0.16,14.1,1015.7
2022-11-04,Bangalore,15.2,64.2,0.49,10.6,1015.3
2022-11-05,Bangalore,20.2,66.7,0.05,24.9,1015.6
2022-11-06,Bangalore,22.2,58.3,0.25,6.7,1011.6
2022-11-07,Bangalore,19.2,70.0,0.17,17.5,1009.6
2022-11-08,Bangalore,19.6,64.7,0.69,15.9,1010.5
2022-11-09,Bangalore,18.6,49.4,0.22,8.0,1016.0
2022-11-10,Bangalore,18.0,66.1,1.67,21.7,1010.1
2022-11-11,Bangalore,20.0,66.8,1.1,17.8,1011.1
2022-11-12,Bangalore,18.0,65.2,0.11,18.2,1017.7
2022-11-13,Bangalore,18.0,49.7,0.17,6.9,1014.9
2022-11-14,Bangalore,21.9,45.5,0.13,5.2,1017.8
2022-11-15,Bangalore,19.7,56.3,1.46,18.5,1015.5
2022-11-16,Bangalore,22.9,71.2,0.09,16.2,1016.5
2022-11-17,Bangalore,21.9,51.8,0.1,17.5,1010.9
2022-11-18,Bangalore,16.5,49.4,0.22,19.8,1015.9
2022-11-19,Bangalore,22.1,64.7,0.08,7.9,1011.1
2022-11-20,Bangalore,20.8,64.4,0.02,6.7,1017.4
2022-11-21,Bangalore,17.5,60.8,0.51,24.2,1017.0
2022-11-22,Bangalore,17.3,66.7,0.28,18.4,1010.6
2022-11-23,Bangalore,19.6,66.0,0.47,18.7,1009.7
2022-11-24,Bangalore,26.4,70.6,0.09,11.9,1014.7
2022-11-25,Bangalore,17.3,51.6,0.24,8.5,1014.5
2022-11-26,Bangalore,20.2,52.0,0.62,13.9,1010.8
2022-11-27,Bangalore,22.6,36.7,0.13,20.1,1016.0
2022-11-28,Bangalore,21.6,55.2,0.09,21.8,1011.3
2022-11-29,Bangalore,24.0,67.3,0.73,12.8,1017.4
2022-11-30,Bangalore,22.1,68.7,0.6,5.9,1011.9
2022-12-01,Bangalore,26.0,42.7,0.22,16.2,1018.0
2022-12-02,Bangalore,15.8,68.6,0.71,16.7,1009.0
2022-12-03,Bangalore,17.5,65.8,0.21,17.8,1017.6
2022-12-04,Bangalore,21.0,66.3,1.77,8.4,1015.7
2022-12-05,Bangalore,23.8,42.6,0.37,5.7,1011.1
2022-12-06,Bangalore,17.4,58.1,0.21,21.0,1010.0
2022-12-07,Bangalore,20.4,76.5,0.14,23.5,1016.7
2022-12-08,Bangalore,21.6,47.8,0.57,18.3,1014.1
2022-12-09,Bangalore,24.0,49.9,1.93,22.2,1015.5
2022-12-10,Bangalore,23.9,60.7,0.61,22.1,1017.5
2022-12-11,Bangalore,20.1,58.2,1.13,5.0,1011.5
2022-12-12,Bangalore,23.6,58.8,0.23,24.7,1013.7
2022-12-13,Bangalore,22.0,66.6,0.6,24.1,1011.7
2022-12-14,Bangalore,8.0,55.7,0.01,16.1,1017.3
2022-12-15,Bangalore,20.2,59.8,0.33,17.6,1009.1
2022-12-16,Bangalore,24.3,52.3,0.51,16.3,1011.1
2022-12-17,Bangalore,28.7,43.9,0.11,18.5,1011.1
2022-12-18,Bangalore,25.7,58.4,0.46,16.4,1010.0
2022-12-19,Bangalore,22.5,78.8,0.19,7.3,1014.2
2022-12-20,Bangalore,20.0,67.1,0.91,7.5,1012.4
2022-12-21,Bangalore,18.8,80.6,0.2,13.4,1008.1
2022-12-22,Bangalore,19.6,61.9,0.12,7.9,1011.2
2022-12-23,Bangalore,19.2,52.0,0.8,6.3,1015.5
2022-12-24,Bangalore,20.8,75.4,0.03,23.4,1015.7
2022-12-25,Bangalore,19.3,56.3,0.52,23.4,1012.5
2022-12-26,Bangalore,21.1,44.0,0.24,10.7,1011.5
2022-12-27,Bangalore,22.3,71.6,0.2,22.7,1010.7
2022-12-28,Bangalore,26.1,75.0,0.68,22.2,1008.3
2022-12-29,Bangalore,20.7,64.9,0.21,5.9,1013.9
2022-12-30,Bangalore,19.5,43.8,0.15,5.1,1009.8
2022-12-31,Bangalore,19.1,42.3,1.04,7.9,1016.8
2022-01-01,Chennai,29.4,54.4,0.18,11.6,1013.1
2022-01-02,Chennai,28.1,83.3,0.28,18.4,1014.0
2022-01-03,Chennai,26.2,77.2,0.8,24.8,1009.8
2022-01-04,Chennai,28.5,71.0,1.58,24.5,1014.4
2022-01-05,Chennai,37.1,81.1,0.05,10.8,1017.9
2022-01-06,Chennai,29.0,53.9,1.95,11.2,1015.6
2022-01-07,Chennai,35.5,55.0,0.01,12.7,1013.5
2022-01-08,Chennai,31.6,66.6,0.48,19.3,1008.5
2022-01-09,Chennai,26.9,65.6,0.01,8.0,1014.5
2022-01-10,Chennai,31.3,72.8,0.05,6.9,1008.9
2022-01-11,Chennai,30.5,69.2,0.46,10.6,1015.6
2022-01-12,Chennai,32.4,75.8,0.13,7.0,1012.8
2022-01-13,Chennai,29.2,65.6,0.01,16.1,1014.8
2022-01-14,Chennai,34.7,63.9,0.05,16.7,1011.3
2022-01-15,Chennai,35.7,70.0,0.32,11.2,1011.4
2022-01-16,Chennai,33.3,50.6,1.11,13.8,1010.9
2022-01-17,Chennai,31.7,74.6,0.01,14.0,1013.5
2022-01-18,Chennai,28.7,82.2,0.56,24.4,1013.1
2022-01-19,Chennai,29.2,53.9,0.24,5.5,1014.9
2022-01-20,Chennai,32.3,74.1,0.15,17.4,1012.5
2022-01-21,Chennai,26.0,77.0,0.61,10.2,1013.0
2022-01-22,Chennai,31.7,84.3,0.9,10.7,1016.2
2022-01-23,Chennai,31.4,75.5,0.14,11.0,1016.5
2022-01-24,Chennai,29.9,71.5,0.08,14.3,1015.3
2022-01-25,Chennai,31.9,63.6,0.08,6.8,1013.3
2022-01-26,Chennai,36.1,70.1,3.41,15.4,1017.6
2022-01-27,Chennai,25.3,84.7,0.42,5.9,1009.5
2022-01-28,Chennai,35.3,69.7,2.48,18.6,1012.4
2022-01-29,Chennai,32.5,62.8,1.01,20.3,1015.9
2022-01-30,Chennai,32.0,61.4,0.98,5.0,1010.4
2022-01-31,Chennai,35.3,64.5,0.1,9.7,1014.6
2022-02-01,Chennai,32.7,45.9,0.73,14.1,1011.5
2022-02-02,Chennai,27.2,78.8,0.76,21.3,1008.5
2022-02-03,Chennai,28.0,80.2,0.12,7.3,1015.5
2022-02-04,Chennai,35.7,62.1,0.16,23.4,1010.3
2022-02-05,Chennai,29.3,75.9,1.06,11.2,1011.3
2022-02-06,Chennai,32.8,77.7,0.01,12.9,1016.5
2022-02-07,Chennai,33.5,86.0,0.59,9.1,1012.5
2022-02-08,Chennai,31.1,87.1,0.86,20.2,1008.3
2022-02-09,Chennai,34.7,69.7,0.43,12.5,1015.1
2022-02-10,Chennai,39.4,78.2,0.99,7.0,1011.0
2022-02-11,Chennai,38.6,75.9,0.04,11.7,1017.3
2022-02-12,Chennai,33.3,78.4,0.35,17.4,1010.4
2022-02-13,Chennai,32.0,59.9,0.21,17.7,1010.4
2022-02-14,Chennai,37.1,64.0,0.75,9.5,1015.9
2022-02-15,Chennai,29.7,80.8,0.32,19.9,1008.1
2022-02-16,Chennai,37.1,80.8,2.18,5.1,1013.1
2022-02-17,Chennai,30.1,70.3,0.0,20.8,1011.1
2022-02-18,Chennai,32.4,64.2,0.49,15.9,1008.1
2022-02-19,Chennai,32.1,78.0,1.14,9.1,1011.8
2022-02-20,Chennai,33.2,81.4,0.38,24.4,1016.0
2022-02-21,Chennai,34.4,61.7,1.0,6.7,1012.1
2022-02-22,Chennai,31.6,74.6,0.07,14.8,1012.8
2022-02-23,Chennai,35.4,75.8,0.53,24.6,1008.7
2022-02-24,Chennai,33.3,81.3,0.27,10.2,1018.0
2022-02-25,Chennai,33.0,71.3,0.41,5.1,1017.8
2022-02-26,Chennai,37.3,74.3,0.05,23.8,1018.0
2022-02-27,Chennai,32.9,73.3,0.33,6.6,1015.3
2022-02-28,Chennai,35.8,83.3,0.17,9.8,1011.2
2022-03-01,Chennai,28.4,67.0,0.19,13.7,1008.3
2022-03-02,Chennai,38.2,71.3,0.06,10.8,1017.8
2022-03-03,Chennai,37.2,53.8,0.28,10.2,1008.3
2022-03-04,Chennai,36.5,65.1,0.91,14.6,1009.8
2022-03-05,Chennai,36.8,65.1,0.62,21.7,1017.6
2022-03-06,Chennai,38.1,53.2,0.32,6.5,1013.0
2022-03-07,Chennai,35.5,69.1,0.91,11.5,1011.5
2022-03-08,Chennai,34.7,74.0,0.26,6.0,1017.7
2022-03-09,Chennai,33.4,70.3,0.18,21.6,1014.6
2022-03-10,Chennai,34.6,67.4,0.84,19.2,1008.6
2022-03-11,Chennai,37.6,69.4,0.07,13.5,1014.0
2022-03-12,Chennai,37.0,87.9,0.15,17.7,1017.1
2022-03-13,Chennai,39.9,85.7,0.14,6.0,1013.9
2022-03-14,Chennai,30.7,58.8,0.26,23.4,1008.1
2022-03-15,Chennai,39.1,77.8,1.23,16.7,1011.8
2022-03-16,Chennai,35.1,72.2,0.02,9.8,1013.9
2022-03-17,Chennai,37.7,76.7,0.47,14.2,1015.1
2022-03-18,Chennai,36.1,66.5,0.72,24.2,1013.8
2022-03-19,Chennai,34.1,95.0,0.33,13.8,1017.5
2022-03-20,Chennai,30.5,61.6,0.73,12.8,1015.1
2022-03-21,Chennai,34.8,86.6,0.03,5.7,1011.8
2022-03-22,Chennai,36.8,59.7,0.28,24.6,1010.1
2022-03-23,Chennai,37.1,73.0,1.11,23.3,1013.1
2022-03-24,Chennai,35.9,80.0,0.18,10.6,1011.4
2022-03-25,Chennai,39.5,77.0,1.67,22.4,1010.2
2022-03-26,Chennai,32.7,81.6,0.76,17.5,1010.6
2022-03-27,Chennai,33.8,67.2,0.36,24.6,1008.6
2022-03-28,Chennai,33.6,75.1,0.18,22.2,1009.4
2022-03-29,Chennai,31.4,80.5,0.82,19.1,1012.5
2022-03-30,Chennai,33.2,70.3,0.07,5.9,1008.1
2022-03-31,Chennai,35.0,48.2,0.08,19.8,1008.6
2022-04-01,Chennai,36.9,76.3,0.26,10.2,1017.3
2022-04-02,Chennai,29.4,68.6,0.25,11.1,1016.6
2022-04-03,Chennai,37.1,61.5,0.96,15.7,1012.2
2022-04-04,Chennai,35.4,62.9,1.57,19.8,1009.3
2022-04-05,Chennai,34.1,95.0,0.09,13.5,1014.5
2022-04-06,Chennai,36.7,60.5,0.07,13.3,1013.8
2022-04-07,Chennai,31.3,72.7,0.25,18.6,1011.1
2022-04-08,Chennai,32.3,89.7,0.59,20.1,1009.4
2022-04-09,Chennai,38.6,79.6,0.24,5.7,1015.3
2022-04-10,Chennai,35.4,81.1,1.18,10.5,1009.3
2022-04-11,Chennai,36.5,74.7,1.25,16.7,1017.2
2022-04-12,Chennai,30.3,75.1,0.01,11.7,1008.6
2022-04-13,Chennai,39.1,65.6,0.09,13.2,1013.1
2022-04-14,Chennai,34.4,77.1,0.45,18.8,1015.3
2022-04-15,Chennai,32.3,72.3,0.14,10.4,1008.9
2022-04-16,Chennai,35.2,53.1,0.34,8.4,1014.5
2022-04-17,Chennai,39.3,55.7,0.31,22.9,1015.7
2022-04-18,Chennai,37.0,74.2,0.03,13.3,1008.8
2022-04-19,Chennai,33.9,83.5,0.01,13.4,1017.8
2022-04-20,Chennai,35.9,81.2,1.66,18.7,1011.3
2022-04-21,Chennai,35.5,65.4,0.28,23.3,1012.8
2022-04-22,Chennai,34.1,77.1,0.69,19.1,1015.2
2022-04-23,Chennai,35.9,62.1,0.28,10.9,1009.5
2022-04-24,Chennai,39.0,79.3,0.53,6.1,1016.1
2022-04-25,Chennai,34.3,62.9,0.21,16.3,1008.8
2022-04-26,Chennai,36.0,59.5,0.2,12.7,1008.8
2022-04-27,Chennai,37.4,62.5,0.82,21.9,1014.4
2022-04-28,Chennai,36.2,63.8,0.43,18.5,1014.6
2022-04-29,Chennai,36.0,66.7,0.2,16.5,1015.7
2022-04-30,Chennai,32.0,85.4,0.05,22.6,1013.4
2022-05-01,Chennai,35.7,71.1,0.36,9.4,1015.6
2022-05-02,Chennai,33.3,68.1,0.34,7.6,1017.3
2022-05-03,Chennai,35.7,59.9,0.33,5.9,1010.5
2022-05-04,Chennai,32.5,69.5,0.5,18.9,1011.9
2022-05-05,Chennai,36.5,84.6,0.24,16.6,1013.2
2022-05-06,Chennai,30.9,82.8,0.61,24.2,1015.9
2022-05-07,Chennai,34.4,74.4,0.55,17.9,1012.8
2022-05-08,Chennai,32.1,69.6,0.09,21.5,1012.3
2022-05-09,Chennai,37.6,86.0,0.71,6.3,1015.7
2022-05-10,Chennai,30.8,75.9,0.21,8.3,1009.0
2022-05-11,Chennai,38.6,55.2,0.18,12.8,1011.1
2022-05-12,Chennai,32.3,69.3,0.01,9.5,1015.1
2022-05-13,Chennai,39.2,74.9,0.62,10.8,1013.2
2022-05-14,Chennai,33.1,59.5,0.14,15.1,1017.2
2022-05-15,Chennai,35.4,59.4,0.11,16.9,1015.4
2022-05-16,Chennai,28.6,85.9,0.18,19.1,1010.6
2022-05-17,Chennai,32.5,75.8,0.8,9.3,1014.9
2022-05-18,Chennai,35.0,73.2,0.22,20.4,1011.7
2022-05-19,Chennai,33.5,61.0,0.14,8.3,1009.6
2022-05-20,Chennai,32.7,83.9,0.47,21.6,1013.0
2022-05-21,Chennai,32.9,72.3,0.57,17.5,1016.0
2022-05-22,Chennai,30.9,65.2,0.85,18.8,1009.2
2022-05-23,Chennai,38.1,87.3,0.4,24.0,1009.0
2022-05-24,Chennai,34.0,78.1,0.61,12.7,1011.9
2022-05-25,Chennai,34.7,52.5,1.07,7.2,1014.4
2022-05-26,Chennai,37.4,71.2,0.63,8.3,1015.0
2022-05-27,Chennai,29.6,73.3,0.35,11.0,1009.1
2022-05-28,Chennai,29.9,62.8,0.05,20.5,1010.3
2022-05-29,Chennai,37.1,74.5,0.11,6.5,1013.9
2022-05-30,Chennai,37.6,73.6,0.2,15.8,1013.9
2022-05-31,Chennai,38.2,89.6,1.41,12.8,1011.0
2022-06-01,Chennai,35.3,66.9,1.88,5.9,1015.3
2022-06-02,Chennai,30.3,74.4,1.68,20.4,1016.6
2022-06-03,Chennai,32.1,70.5,1.01,16.2,1012.0
2022-06-04,Chennai,35.4,62.3,0.53,10.4,1008.9
2022-06-05,Chennai,28.9,55.1,1.19,20.8,1012.5
2022-06-06,Chennai,31.0,65.5,5.43,9.5,1015.5
2022-06-07,Chennai,34.0,71.7,0.49,18.4,1014.4
2022-06-08,Chennai,30.3,72.0,1.05,8.9,1014.6
2022-06-09,Chennai,34.0,71.6,1.81,12.2,1014.6
2022-06-10,Chennai,27.0,69.2,2.5,15.2,1014.7
2022-06-11,Chennai,32.5,70.5,1.0,14.0,1017.7
2022-06-12,Chennai,28.7,74.0,0.8,10.8,1010.7
2022-06-13,Chennai,30.0,57.1,0.63,18.3,1008.5
2022-06-14,Chennai,27.5,57.8,2.78,7.9,1017.4
2022-06-15,Chennai,28.7,65.7,0.45,10.7,1015.6
2022-06-16,Chennai,28.1,57.5,0.1,9.6,1017.5
2022-06-17,Chennai,31.1,68.0,1.32,23.0,1013.9
2022-06-18,Chennai,34.8,69.8,0.45,19.5,1013.3
2022-06-19,Chennai,34.3,60.7,2.09,12.6,1011.3
2022-06-20,Chennai,32.4,79.2,2.09,24.3,1015.0
2022-06-21,Chennai,36.1,82.7,1.02,21.8,1011.8
2022-06-22,Chennai,35.6,59.3,0.32,7.6,1014.3
2022-06-23,Chennai,33.9,58.0,1.79,5.5,1010.5
2022-06-24,Chennai,28.0,82.8,1.57,22.1,1011.3
2022-06-25,Chennai,27.7,70.0,1.4,23.5,1010.9
2022-06-26,Chennai,32.5,82.0,3.08,19.0,1015.9
2022-06-27,Chennai,26.6,80.7,1.6,9.6,1013.4
2022-06-28,Chennai,31.1,79.4,0.56,5.8,1010.5
2022-06-29,Chennai,34.2,91.7,4.23,20.2,1017.1
2022-06-30,Chennai,28.5,80.1,0.61,13.6,1016.4
2022-07-01,Chennai,31.0,78.1,0.9,12.3,1011.1
2022-07-02,Chennai,28.9,59.3,0.07,22.9,1017.3
2022-07-03,Chennai,30.4,70.9,1.55,12.4,1013.7
2022-07-04,Chennai,27.5,62.5,2.82,15.5,1011.2
2022-07-05,Chennai,20.7,88.3,2.17,17.4,1014.6
2022-07-06,Chennai,32.9,64.7,2.21,20.1,1012.3
2022-07-07,Chennai,24.0,83.9,0.5,5.2,1012.7
2022-07-08,Chennai,26.9,65.8,0.69,20.5,1011.3
2022-07-09,Chennai,26.1,83.9,1.22,6.6,1015.0
2022-07-10,Chennai,32.7,63.7,3.75,18.5,1011.9
2022-07-11,Chennai,26.7,80.7,3.24,6.8,1015.0
2022-07-12,Chennai,30.2,62.2,1.34,20.8,1009.7
2022-07-13,Chennai,25.2,67.8,0.39,17.8,1015.9
2022-07-14,Chennai,30.5,78.3,0.1,20.6,1013.0
2022-07-15,Chennai,31.8,73.8,3.33,21.5,1009.8
2022-07-16,Chennai,29.2,76.5,1.75,7.1,1015.3
2022-07-17,Chennai,28.7,68.0,1.07,11.1,1016.8
2022-07-18,Chennai,31.7,92.2,2.17,11.0,1012.3
2022-07-19,Chennai,32.6,88.7,0.98,25.0,1010.0
2022-07-20,Chennai,26.0,44.1,2.19,6.1,1014.6
2022-07-21,Chennai,26.4,76.1,3.78,13.0,1017.9
2022-07-22,Chennai,27.7,51.6,0.37,15.3,1008.8
2022-07-23,Chennai,22.8,56.3,2.58,17.1,1015.5
2022-07-24,Chennai,30.1,62.4,0.0,12.3,1017.2
2022-07-25,Chennai,30.0,86.2,4.23,23.1,1013.3
2022-07-26,Chennai,29.7,81.7,3.3,19.0,1014.0
2022-07-27,Chennai,28.4,54.7,3.68,17.4,1010.2
2022-07-28,Chennai,31.8,75.5,1.97,13.0,1009.9
2022-07-29,Chennai,26.6,58.0,1.27,18.6,1013.7
2022-07-30,Chennai,29.0,68.1,0.43,7.5,1015.3
2022-07-31,Chennai,27.4,76.5,0.05,18.1,1017.7
2022-08-01,Chennai,27.0,67.7,2.42,17.7,1013.7
2022-08-02,Chennai,23.7,81.9,2.12,8.3,1017.6
2022-08-03,Chennai,24.7,82.1,3.77,17.8,1008.7
2022-08-04,Chennai,35.3,85.2,2.41,24.4,1008.2
2022-08-05,Chennai,27.4,73.4,1.93,10.5,1016.3
2022-08-06,Chennai,22.2,68.7,6.32,10.6,1008.6
2022-08-07,Chennai,28.7,75.9,1.35,6.5,1014.5
2022-08-08,Chennai,28.5,73.5,0.64,22.0,1012.3
2022-08-09,Chennai,26.0,83.3,0.08,21.4,1009.4
2022-08-10,Chennai,28.3,65.8,4.52,5.4,1013.6
2022-08-11,Chennai,20.3,56.2,0.69,14.8,1009.9
2022-08-12,Chennai,30.0,85.7,3.73,12.7,1014.2
2022-08-13,Chennai,26.2,84.4,1.88,13.4,1009.5
2022-08-14,Chennai,28.2,51.6,2.38,13.8,1016.5
2022-08-15,Chennai,25.6,66.5,1.63,7.5,1013.9
2022-08-16,Chennai,22.6,60.2,0.31,12.0,1017.3
2022-08-17,Chennai,24.2,82.3,1.44,23.5,1015.7
2022-08-18,Chennai,20.3,72.9,5.1,23.3,1016.9
2022-08-19,Chennai,28.5,67.5,2.3,12.1,1015.2
2022-08-20,Chennai,24.2,75.3,1.25,10.9,1009.2
2022-08-21,Chennai,29.3,88.1,1.59,19.4,1011.4
2022-08-22,Chennai,26.0,75.4,3.26,7.8,1014.0
2022-08-23,Chennai,22.2,80.9,0.32,21.5,1008.9
2022-08-24,Chennai,28.6,42.5,0.5,11.0,1009.6
2022-08-25,Chennai,28.9,65.1,4.39,8.3,1016.9
2022-08-26,Chennai,25.7,68.5,1.38,11.0,1018.0
2022-08-27,Chennai,29.2,73.5,1.07,22.7,1012.5
2022-08-28,Chennai,26.3,84.2,2.14,13.9,1014.8
2022-08-29,Chennai,29.1,75.3,1.62,11.4,1015.8
2022-08-30,Chennai,21.5,79.8,1.71,21.8,1013.2
2022-08-31,Chennai,25.5,63.4,3.38,13.0,1013.6
2022-09-01,Chennai,28.9,77.7,0.47,6.4,1011.4
2022-09-02,Chennai,26.9,84.1,1.01,10.4,1011.7
2022-09-03,Chennai,25.8,59.9,7.74,8.5,1015.5
2022-09-04,Chennai,29.3,55.6,2.8,14.0,1014.8
2022-09-05,Chennai,27.0,62.4,3.66,18.6,1015.8
2022-09-06,Chennai,26.4,56.3,0.79,23.0,1017.4
2022-09-07,Chennai,24.7,51.0,2.62,20.3,1016.2
2022-09-08,Chennai,24.9,60.1,3.27,15.7,1016.3
2022-09-09,Chennai,24.2,74.4,1.74,11.8,1013.2
2022-09-10,Chennai,22.0,79.2,0.11,21.5,1017.8
2022-09-11,Chennai,25.9,79.2,0.49,15.5,1015.1
2022-09-12,Chennai,28.0,53.8,5.63,15.3,1017.7
2022-09-13,Chennai,29.6,84.0,2.71,18.2,1008.1
2022-09-14,Chennai,26.1,71.5,4.86,17.0,1010.4
2022-09-15,Chennai,22.9,80.3,1.82,24.1,1013.3
2022-09-16,Chennai,20.7,73.8,3.09,15.8,1011.3
2022-09-17,Chennai,18.6,82.0,0.14,10.5,1009.5
2022-09-18,Chennai,22.9,76.7,2.0,20.3,1012.0
2022-09-19,Chennai,29.1,54.2,1.82,23.6,1017.2
2022-09-20,Chennai,22.9,75.6,6.62,20.9,1012.1
2022-09-21,Chennai,25.9,77.7,2.22,21.4,1009.2
2022-09-22,Chennai,25.0,64.4,0.42,23.1,1010.2
2022-09-23,Chennai,21.8,61.6,0.34,9.9,1017.8
2022-09-24,Chennai,25.4,76.2,4.96,24.1,1012.5
2022-09-25,Chennai,28.2,57.9,0.07,10.6,1011.6
2022-09-26,Chennai,21.6,65.4,3.24,20.9,1011.4
2022-09-27,Chennai,26.9,59.2,0.15,15.1,1012.4
2022-09-28,Chennai,28.1,69.7,5.97,19.6,1015.4
2022-09-29,Chennai,21.6,78.1,0.04,23.5,1016.3
2022-09-30,Chennai,27.5,74.0,1.91,7.6,1010.5
2022-10-01,Chennai,19.9,71.1,0.08,16.2,1015.7
2022-10-02,Chennai,27.3,79.7,0.16,6.5,1009.5
2022-10-03,Chennai,27.6,71.2,0.65,23.0,1016.5
2022-10-04,Chennai,26.5,79.6,0.13,7.2,1013.0
2022-10-05,Chennai,25.5,75.4,0.51,5.3,1011.2
2022-10-06,Chennai,28.3,79.2,0.66,24.8,1012.1
2022-10-07,Chennai,27.4,60.0,0.26,14.8,1010.1
2022-10-08,Chennai,26.8,72.7,0.17,7.7,1010.9
2022-10-09,Chennai,26.6,81.2,0.35,7.0,1010.5
2022-10-10,Chennai,26.3,82.4,0.14,9.7,1010.9
2022-10-11,Chennai,20.8,67.9,0.92,19.0,1014.7
2022-10-12,Chennai,32.8,62.1,0.23,5.5,1009.8
2022-10-13,Chennai,25.1,71.5,0.21,6.6,1010.7
2022-10-14,Chennai,24.5,81.2,0.06,20.6,1011.7
2022-10-15,Chennai,27.6,81.6,0.79,18.9,1008.4
2022-10-16,Chennai,28.8,57.3,1.75,10.1,1012.2
2022-10-17,Chennai,25.4,66.5,0.46,14.9,1011.7
2022-10-18,Chennai,24.3,72.1,0.0,14.2,1014.3
2022-10-19,Chennai,24.1,59.7,0.75,11.5,1009.3
2022-10-20,Chennai,24.7,66.4,0.2,20.0,1017.1
2022-10-21,Chennai,25.4,56.3,0.12,17.1,1012.1
2022-10-22,Chennai,26.6,75.1,0.11,11.4,1008.6
2022-10-23,Chennai,23.6,59.4,0.13,11.1,1016.7
2022-10-24,Chennai,28.2,57.7,0.74,9.2,1012.1
2022-10-25,Chennai,25.6,89.2,0.04,21.7,1012.8
2022-10-26,Chennai,30.1,69.8,0.08,19.5,1015.8
2022-10-27,Chennai,26.1,65.5,0.36,22.2,1016.6
2022-10-28,Chennai,27.9,62.4,1.33,13.9,1014.7
2022-10-29,Chennai,26.1,74.4,0.92,14.9,1008.3
2022-10-30,Chennai,27.7,59.0,0.26,13.8,1012.9
2022-10-31,Chennai,30.1,82.4,0.75,18.4,1016.0
2022-11-01,Chennai,28.3,76.0,0.28,14.5,1010.9
2022-11-02,Chennai,18.7,59.5,0.14,7.7,1009.1
2022-11-03,Chennai,25.3,73.5,1.29,17.9,1016.4
2022-11-04,Chennai,28.1,54.1,0.38,11.4,1014.6
2022-11-05,Chennai,32.9,71.9,0.31,24.1,1017.9
2022-11-06,Chennai,26.7,81.2,0.0,6.3,1008.2
2022-11-07,Chennai,25.9,66.5,0.03,15.0,1010.5
2022-11-08,Chennai,20.3,78.0,2.17,14.3,1011.2
2022-11-09,Chennai,24.4,70.0,0.66,13.3,1010.0
2022-11-10,Chennai,28.4,83.0,0.31,10.4,1016.3
2022-11-11,Chennai,29.8,78.9,0.24,14.4,1010.1
2022-11-12,Chennai,22.4,58.0,0.33,11.6,1017.6
2022-11-13,Chennai,28.2,55.3,1.54,17.7,1014.0
2022-11-14,Chennai,24.9,66.0,0.98,24.4,1017.6
2022-11-15,Chennai,26.8,63.0,0.23,11.2,1011.1
2022-11-16,Chennai,24.3,82.5,1.38,6.4,1010.8
2022-11-17,Chennai,27.8,62.4,0.28,12.8,1017.5
2022-11-18,Chennai,22.7,87.1,0.69,19.5,1013.8
2022-11-19,Chennai,20.4,73.4,1.04,11.1,1009.3
2022-11-20,Chennai,29.6,65.7,0.53,19.7,1011.3
2022-11-21,Chennai,30.2,79.7,1.06,20.0,1015.6
2022-11-22,Chennai,26.9,72.8,0.21,7.4,1012.2
2022-11-23,Chennai,28.3,71.3,0.95,17.9,1012.2
2022-11-24,Chennai,28.0,71.7,0.05,10.7,1009.9
2022-11-25,Chennai,25.0,79.8,0.5,18.3,1017.1
2022-11-26,Chennai,27.5,75.8,0.27,22.3,1014.5
2022-11-27,Chennai,28.3,63.5,0.91,19.8,1017.6
2022-11-28,Chennai,23.2,86.0,0.16,18.6,1015.1
2022-11-29,Chennai,28.5,71.2,0.52,9.1,1015.4
2022-11-30,Chennai,30.9,73.2,0.06,11.3,1012.8
2022-12-01,Chennai,30.9,58.2,0.92,12.4,1008.4
2022-12-02,Chennai,31.0,75.7,0.81,12.0,1008.2
2022-12-03,Chennai,31.1,63.9,3.08,20.2,1014.0
2022-12-04,Chennai,30.5,75.2,0.16,24.2,1017.9
2022-12-05,Chennai,25.6,85.3,0.05,20.3,1010.0
2022-12-06,Chennai,30.6,84.6,0.74,18.9,1016.2
2022-12-07,Chennai,27.7,74.9,0.47,8.1,1012.1
2022-12-08,Chennai,24.9,75.8,0.07,24.5,1008.3
2022-12-09,Chennai,28.8,51.6,0.84,9.4,1008.1
2022-12-10,Chennai,28.9,63.2,0.17,17.9,1010.9
2022-12-11,Chennai,27.8,63.7,0.07,15.5,1014.8
2022-12-12,Chennai,26.9,59.6,0.52,16.1,1011.8
2022-12-13,Chennai,28.0,59.9,0.08,11.8,1008.4
2022-12-14,Chennai,26.8,90.3,1.42,17.5,1014.2
2022-12-15,Chennai,24.8,60.5,0.3,17.0,1015.2
2022-12-16,Chennai,27.7,64.6,0.14,16.3,1013.7
2022-12-17,Chennai,30.9,74.3,0.21,17.8,1010.9
2022-12-18,Chennai,24.6,84.2,1.96,23.2,1013.0
2022-12-19,Chennai,30.4,41.7,0.01,8.3,1008.6
2022-12-20,Chennai,27.4,62.6,0.03,18.8,1014.4
2022-12-21,Chennai,34.1,77.1,0.09,6.2,1016.2
2022-12-22,Chennai,33.8,72.2,0.33,23.4,1013.5
2022-12-23,Chennai,24.8,52.4,1.59,17.2,1008.0
2022-12-24,Chennai,31.7,49.6,0.02,13.6,1015.7
2022-12-25,Chennai,31.9,92.6,0.51,18.4,1011.9
2022-12-26,Chennai,29.7,65.1,0.26,23.8,1010.5
2022-12-27,Chennai,31.8,65.9,0.48,23.6,1016.8
2022-12-28,Chennai,29.7,92.0,0.42,6.3,1009.6
2022-12-29,Chennai,29.8,71.9,1.93,18.8,1014.3
2022-12-30,Chennai,22.6,88.9,0.55,23.1,1013.4
2022-12-31,Chennai,30.6,83.1,0.8,8.4,1010.4
2022-01-01,Kolkata,26.0,69.3,0.37,11.2,1012.8
2022-01-02,Kolkata,28.8,68.8,0.19,6.9,1017.3
2022-01-03,Kolkata,32.2,72.9,0.59,15.3,1017.0
2022-01-04,Kolkata,28.4,75.7,0.19,13.5,1015.1
2022-01-05,Kolkata,28.9,68.9,0.52,13.8,1015.9
2022-01-06,Kolkata,20.5,73.5,0.08,23.8,1011.1
2022-01-07,Kolkata,25.7,71.0,0.05,16.7,1017.1
2022-01-08,Kolkata,31.9,65.3,0.29,10.5,1017.4
2022-01-09,Kolkata,25.0,85.1,0.13,9.4,1009.8
2022-01-10,Kolkata,24.3,82.5,0.01,21.7,1013.1
2022-01-11,Kolkata,20.4,69.7,0.35,22.2,1017.0
2022-01-12,Kolkata,27.8,65.1,0.18,24.7,1014.8
2022-01-13,Kolkata,30.9,59.3,0.29,17.4,1017.0
2022-01-14,Kolkata,24.5,55.3,0.43,19.0,1011.1
2022-01-15,Kolkata,26.6,59.0,0.5,17.7,1010.8
2022-01-16,Kolkata,32.2,56.7,0.21,10.8,1011.5
2022-01-17,Kolkata,32.9,63.2,0.57,23.0,1011.5
2022-01-18,Kolkata,30.8,61.5,0.53,5.8,1011.0
2022-01-19,Kolkata,31.6,62.2,0.11,17.4,1014.6
2022-01-20,Kolkata,25.8,74.5,0.14,10.7,1016.3
2022-01-21,Kolkata,26.7,71.3,1.55,21.3,1014.9
2022-01-22,Kolkata,34.9,66.3,0.58,8.8,1017.9
2022-01-23,Kolkata,32.1,82.6,0.26,20.2,1011.9
2022-01-24,Kolkata,30.0,83.9,0.06,12.1,1013.4
2022-01-25,Kolkata,30.4,57.5,0.17,9.6,1016.5
2022-01-26,Kolkata,25.8,72.2,0.02,20.7,1013.3
2022-01-27,Kolkata,30.5,66.2,0.02,18.6,1012.4
2022-01-28,Kolkata,33.9,73.7,0.22,19.5,1013.0
2022-01-29,Kolkata,31.1,66.5,0.13,5.1,1010.5
2022-01-30,Kolkata,25.4,48.2,0.1,24.3,1014.0
2022-01-31,Kolkata,25.4,69.8,0.64,24.4,1011.5
2022-02-01,Kolkata,33.6,95.0,2.41,9.7,1014.8
2022-02-02,Kolkata,32.8,80.6,1.13,16.1,1014.8
2022-02-03,Kolkata,30.5,66.3,0.29,8.7,1011.8
2022-02-04,Kolkata,35.4,63.0,0.32,5.6,1014.1
2022-02-05,Kolkata,29.7,83.3,0.44,23.5,1015.8
2022-02-06,Kolkata,31.1,66.0,0.01,12.7,1013.1
2022-02-07,Kolkata,28.1,70.3,0.76,10.4,1009.5
2022-02-08,Kolkata,32.1,64.1,1.03,8.4,1016.5
2022-02-09,Kolkata,32.3,75.5,0.95,11.6,1009.7
2022-02-10,Kolkata,34.2,65.1,0.3,22.5,1008.9
2022-02-11,Kolkata,28.1,75.0,0.73,15.6,1014.0
2022-02-12,Kolkata,31.2,60.8,0.11,15.5,1009.2
2022-02-13,Kolkata,31.3,70.1,0.24,8.2,1012.2
2022-02-14,Kolkata,32.1,64.6,1.71,10.3,1014.9
2022-02-15,Kolkata,29.7,87.4,0.76,17.1,1008.7
2022-02-16,Kolkata,33.6,53.9,0.33,13.1,1016.3
2022-02-17,Kolkata,29.2,62.4,1.59,24.0,1017.9
2022-02-18,Kolkata,28.8,60.3,1.06,7.9,1009.6
2022-02-19,Kolkata,31.2,75.5,0.06,20.6,1008.6
2022-02-20,Kolkata,27.5,68.4,0.24,24.8,1017.7
2022-02-21,Kolkata,28.0,62.1,0.67,23.0,1009.8
2022-02-22,Kolkata,35.9,66.1,0.09,12.2,1014.5
2022-02-23,Kolkata,27.1,64.1,0.17,20.6,1011.8
2022-02-24,Kolkata,33.8,63.9,0.67,24.6,1008.7
2022-02-25,Kolkata,30.5,71.7,0.71,13.0,1012.2
2022-02-26,Kolkata,28.2,70.9,0.01,7.3,1013.8
2022-02-27,Kolkata,38.1,76.5,0.67,20.4,1008.4
2022-02-28,Kolkata,33.4,53.6,0.45,16.2,1010.2
2022-03-01,Kolkata,31.9,82.9,0.82,6.2,1010.0
2022-03-02,Kolkata,32.6,78.7,0.37,19.2,1008.2
2022-03-03,Kolkata,32.6,74.5,0.54,23.4,1013.7
2022-03-04,Kolkata,31.7,49.3,0.64,23.1,1014.2
2022-03-05,Kolkata,31.0,87.9,1.11,24.8,1013.1
2022-03-06,Kolkata,32.1,72.9,0.33,15.8,1012.8
2022-03-07,Kolkata,35.5,86.3,0.14,17.3,1015.1
2022-03-08,Kolkata,29.8,66.9,0.99,23.9,1014.5
2022-03-09,Kolkata,33.8,65.1,1.52,18.4,1011.1
2022-03-10,Kolkata,35.8,86.9,0.13,20.1,1010.2
2022-03-11,Kolkata,27.5,86.5,0.98,19.7,1016.0
2022-03-12,Kolkata,34.0,71.9,0.94,9.6,1016.1
2022-03-13,Kolkata,34.1,60.2,0.08,8.7,1012.5
2022-03-14,Kolkata,30.2,78.7,0.24,9.3,1015.4
2022-03-15,Kolkata,31.9,87.4,0.1,7.9,1016.0
2022-03-16,Kolkata,27.6,72.5,0.37,21.9,1017.8
2022-03-17,Kolkata,31.7,78.8,0.01,18.6,1015.5
2022-03-18,Kolkata,29.9,57.5,0.48,23.0,1017.3
2022-03-19,Kolkata,31.6,61.4,1.02,22.8,1011.7
2022-03-20,Kolkata,34.5,72.1,1.08,7.0,1017.7
2022-03-21,Kolkata,31.4,72.0,0.29,15.7,1010.7
2022-03-22,Kolkata,31.9,68.7,0.84,6.6,1015.9
2022-03-23,Kolkata,34.7,67.9,0.13,8.9,1015.5
2022-03-24,Kolkata,31.9,57.7,0.15,15.1,1008.2
2022-03-25,Kolkata,31.7,87.9,0.36,17.0,1011.3
2022-03-26,Kolkata,29.7,74.9,1.18,15.2,1011.1
2022-03-27,Kolkata,30.5,80.5,0.59,22.2,1011.3
2022-03-28,Kolkata,32.1,79.4,0.42,15.6,1013.5
2022-03-29,Kolkata,35.9,71.7,1.25,7.7,1012.1
2022-03-30,Kolkata,29.1,68.8,0.58,7.8,1008.2
2022-03-31,Kolkata,34.7,71.8,0.01,24.8,1012.9
2022-04-01,Kolkata,34.8,93.2,0.0,16.4,1014.3
2022-04-02,Kolkata,30.6,80.5,0.24,19.4,1009.4
2022-04-03,Kolkata,29.2,87.9,0.92,6.7,1009.7
2022-04-04,Kolkata,33.5,68.0,0.21,15.1,1009.9
2022-04-05,Kolkata,26.5,66.3,0.22,8.6,1015.3
2022-04-06,Kolkata,32.4,72.6,1.82,16.6,1011.3
2022-04-07,Kolkata,32.5,59.7,0.47,14.8,1014.5
2022-04-08,Kolkata,27.4,61.5,1.53,9.3,1015.3
2022-04-09,Kolkata,34.5,73.2,0.71,22.2,1015.3
2022-04-10,Kolkata,29.5,70.4,0.57,12.4,1008.1
2022-04-11,Kolkata,34.4,75.3,0.1,5.6,1009.6
2022-04-12,Kolkata,33.0,66.9,0.13,5.3,1011.0
2022-04-13,Kolkata,33.7,59.2,1.09,22.1,1011.3
2022-04-14,Kolkata,29.6,75.1,0.21,18.0,1014.7
2022-04-15,Kolkata,32.5,72.8,0.21,21.2,1015.5
2022-04-16,Kolkata,29.4,67.0,0.1,5.4,1010.6
2022-04-17,Kolkata,34.1,75.1,0.34,16.1,1016.8
2022-04-18,Kolkata,31.4,70.7,0.06,10.4,1012.6
2022-04-19,Kolkata,34.8,78.4,0.51,22.6,1016.0
2022-04-20,Kolkata,34.7,88.0,0.52,10.4,1016.6
2022-04-21,Kolkata,27.8,75.8,0.32,5.2,1009.6
2022-04-22,Kolkata,31.0,61.2,0.91,10.3,1008.3
2022-04-23,Kolkata,33.5,68.6,0.46,11.7,1008.5
2022-04-24,Kolkata,35.6,73.2,0.01,16.5,1016.9
2022-04-25,Kolkata,24.7,65.1,1.58,13.3,1009.4
2022-04-26,Kolkata,33.7,67.1,0.43,7.3,1012.6
2022-04-27,Kolkata,33.1,50.3,0.33,23.4,1013.0
2022-04-28,Kolkata,32.3,64.9,1.78,6.9,1013.9
2022-04-29,Kolkata,34.3,75.8,0.11,13.0,1014.2
2022-04-30,Kolkata,33.1,81.1,0.24,12.0,1009.1
2022-05-01,Kolkata,27.5,95.0,0.23,7.7,1012.5
2022-05-02,Kolkata,29.9,75.9,2.16,22.8,1013.3
2022-05-03,Kolkata,29.9,75.1,0.39,17.8,1014.3
2022-05-04,Kolkata,31.7,79.3,0.56,19.5,1016.1
2022-05-05,Kolkata,35.4,84.9,0.05,22.5,1010.9
2022-05-06,Kolkata,29.4,82.8,0.51,11.2,1010.3
2022-05-07,Kolkata,29.9,84.4,0.66,22.3,1017.2
2022-05-08,Kolkata,33.2,62.8,0.31,17.8,1013.4
2022-05-09,Kolkata,33.2,73.0,1.09,13.4,1014.7
2022-05-10,Kolkata,27.6,54.8,0.42,9.2,1013.5
2022-05-11,Kolkata,35.2,76.3,0.22,7.2,1016.0
2022-05-12,Kolkata,33.1,86.4,0.83,24.6,1009.9
2022-05-13,Kolkata,29.7,78.2,0.83,9.7,1012.1
2022-05-14,Kolkata,26.1,84.1,0.14,24.4,1013.1
2022-05-15,Kolkata,29.3,60.2,0.01,18.8,1015.8
2022-05-16,Kolkata,27.7,70.8,0.76,12.5,1012.3
2022-05-17,Kolkata,29.3,55.9,0.34,8.3,1012.4
2022-05-18,Kolkata,27.4,74.7,0.07,10.4,1012.5
2022-05-19,Kolkata,28.7,72.0,0.56,19.5,1008.3
2022-05-20,Kolkata,31.6,67.1,0.04,24.8,1013.8
2022-05-21,Kolkata,28.2,84.9,1.89,24.1,1015.9
2022-05-22,Kolkata,30.1,63.8,0.05,5.0,1008.0
2022-05-23,Kolkata,29.7,82.2,0.36,9.8,1017.1
2022-05-24,Kolkata,32.8,79.6,0.14,22.4,1014.5
2022-05-25,Kolkata,27.4,62.5,0.27,15.5,1010.9
2022-05-26,Kolkata,30.8,48.7,0.81,8.9,1008.7
2022-05-27,Kolkata,29.7,53.1,0.59,18.1,1013.4
2022-05-28,Kolkata,29.6,79.7,0.62,10.4,1013.0
2022-05-29,Kolkata,28.6,65.4,2.93,9.5,1015.0
2022-05-30,Kolkata,27.0,59.4,0.45,16.8,1013.8
2022-05-31,Kolkata,25.7,52.2,0.28,16.9,1014.7
2022-06-01,Kolkata,31.7,78.5,5.14,20.2,1008.8
2022-06-02,Kolkata,26.4,44.8,0.82,14.8,1012.4
2022-06-03,Kolkata,25.8,63.9,0.38,6.4,1010.0
2022-06-04,Kolkata,25.9,73.6,1.17,22.6,1010.3
2022-06-05,Kolkata,30.6,59.2,3.58,7.6,1008.3
2022-06-06,Kolkata,30.0,75.0,0.28,11.6,1011.2
2022-06-07,Kolkata,28.3,66.5,1.89,13.1,1013.5
2022-06-08,Kolkata,33.0,68.3,3.86,18.8,1017.8
2022-06-09,Kolkata,27.2,67.6,2.26,20.5,1010.7
2022-06-10,Kolkata,33.2,68.6,0.31,10.5,1017.5
2022-06-11,Kolkata,26.9,73.0,1.03,10.3,1013.7
2022-06-12,Kolkata,32.1,85.0,5.26,11.6,1010.1
2022-06-13,Kolkata,29.2,56.9,0.08,22.2,1018.0
2022-06-14,Kolkata,22.5,61.0,0.34,6.0,1012.1
2022-06-15,Kolkata,30.0,69.6,0.91,7.2,1008.5
2022-06-16,Kolkata,32.6,61.5,0.22,12.9,1013.0
2022-06-17,Kolkata,27.7,75.7,1.08,6.8,1014.4
2022-06-18,Kolkata,25.3,65.3,5.91,16.4,1012.8
2022-06-19,Kolkata,27.7,76.3,3.56,6.1,1015.1
2022-06-20,Kolkata,26.4,71.4,2.21,12.3,1016.8
2022-06-21,Kolkata,26.0,64.3,1.26,21.3,1010.2
2022-06-22,Kolkata,29.8,64.1,0.63,14.2,1008.1
2022-06-23,Kolkata,22.3,75.4,1.07,17.7,1010.3
2022-06-24,Kolkata,26.3,87.1,0.24,13.1,1016.6
2022-06-25,Kolkata,31.5,70.8,4.68,7.9,1014.6
2022-06-26,Kolkata,31.3,77.4,0.18,23.9,1015.9
2022-06-27,Kolkata,23.6,75.4,2.85,9.2,1008.9
2022-06-28,Kolkata,23.9,60.9,1.67,13.5,1012.6
2022-06-29,Kolkata,26.2,73.6,3.15,17.6,1011.6
2022-06-30,Kolkata,27.3,62.2,0.81,22.8,1012.8
2022-07-01,Kolkata,31.3,85.7,2.45,15.4,1014.2
2022-07-02,Kolkata,26.2,82.9,0.57,21.6,1014.3
2022-07-03,Kolkata,30.8,74.9,0.71,8.8,1008.8
2022-07-04,Kolkata,29.9,53.7,1.99,6.2,1011.8
2022-07-05,Kolkata,28.7,62.6,0.11,19.5,1009.2
2022-07-06,Kolkata,22.6,74.8,6.67,15.7,1013.3
2022-07-07,Kolkata,25.3,59.3,1.32,8.0,1011.6
2022-07-08,Kolkata,20.8,65.3,2.62,18.0,1008.6
2022-07-09,Kolkata,27.8,69.9,2.36,11.6,1014.7
2022-07-10,Kolkata,26.2,80.6,0.21,16.5,1008.6
2022-07-11,Kolkata,28.0,64.8,2.46,24.5,1011.4
2022-07-12,Kolkata,23.3,53.0,2.25,12.3,1012.8
2022-07-13,Kolkata,26.5,88.1,0.12,16.1,1012.3
2022-07-14,Kolkata,28.0,66.8,4.31,22.4,1008.3
2022-07-15,Kolkata,24.7,75.3,5.62,23.2,1013.8
2022-07-16,Kolkata,31.4,68.7,2.58,24.0,1011.6
2022-07-17,Kolkata,22.4,76.8,0.16,16.2,1009.8
2022-07-18,Kolkata,28.8,79.5,7.23,23.7,1008.1
2022-07-19,Kolkata,30.3,70.5,2.31,21.0,1010.7
2022-07-20,Kolkata,25.3,68.1,0.61,5.2,1016.7
2022-07-21,Kolkata,28.9,74.4,2.51,6.6,1013.9
2022-07-22,Kolkata,25.5,70.4,0.86,17.9,1013.4
2022-07-23,Kolkata,24.3,62.9,1.04,24.7,1012.4
2022-07-24,Kolkata,23.7,82.3,2.78,15.6,1013.2
2022-07-25,Kolkata,19.6,62.4,0.19,11.9,1009.6
2022-07-26,Kolkata,28.3,70.8,1.18,23.2,1017.0
2022-07-27,Kolkata,26.4,80.0,0.13,22.7,1011.1
2022-07-28,Kolkata,24.2,53.5,8.37,6.4,1012.5
2022-07-29,Kolkata,26.2,84.5,2.68,19.5,1015.9
2022-07-30,Kolkata,29.3,63.6,0.96,24.1,1012.1
2022-07-31,Kolkata,20.7,76.0,1.11,10.0,1015.2
2022-08-01,Kolkata,20.8,75.0,1.13,11.4,1017.5
2022-08-02,Kolkata,21.0,58.5,4.09,7.6,1009.1
2022-08-03,Kolkata,20.5,76.7,0.97,17.2,1009.6
2022-08-04,Kolkata,19.6,74.4,0.49,13.5,1013.7
2022-08-05,Kolkata,19.4,47.1,3.48,23.0,1017.1
2022-08-06,Kolkata,21.6,55.2,1.19,11.9,1015.2
2022-08-07,Kolkata,21.3,76.3,5.23,10.6,1014.8
2022-08-08,Kolkata,20.6,73.2,2.91,7.5,1016.7
2022-08-09,Kolkata,19.7,74.9,1.11,5.0,1015.3
2022-08-10,Kolkata,26.1,66.5,2.53,6.2,1015.1
2022-08-11,Kolkata,26.3,71.4,1.82,11.0,1008.8
2022-08-12,Kolkata,21.7,70.5,1.73,17.3,1016.9
2022-08-13,Kolkata,25.7,68.5,2.14,24.5,1008.6
2022-08-14,Kolkata,23.4,80.1,0.58,24.7,1014.4
2022-08-15,Kolkata,16.1,67.2,0.87,16.1,1012.4
2022-08-16,Kolkata,27.0,60.1,1.19,22.9,1015.6
2022-08-17,Kolkata,26.2,87.1,0.7,13.8,1016.1
2022-08-18,Kolkata,26.0,60.4,0.95,6.4,1015.2
2022-08-19,Kolkata,21.9,65.4,4.26,15.8,1011.2
2022-08-20,Kolkata,21.0,55.2,0.05,17.1,1015.1
2022-08-21,Kolkata,24.0,73.0,5.23,24.7,1015.4
2022-08-22,Kolkata,24.5,73.9,0.37,8.6,1009.1
2022-08-23,Kolkata,25.6,71.6,3.12,11.6,1012.6
2022-08-24,Kolkata,24.3,73.9,0.12,8.5,1011.3
2022-08-25,Kolkata,24.5,77.2,0.43,15.6,1013.7
2022-08-26,Kolkata,21.5,54.9,6.45,13.3,1015.3
2022-08-27,Kolkata,21.6,74.6,0.49,18.5,1013.1
2022-08-28,Kolkata,21.5,79.8,0.84,8.7,1009.8
2022-08-29,Kolkata,26.8,82.3,4.17,17.8,1016.2
2022-08-30,Kolkata,29.5,70.4,0.53,10.1,1015.2
2022-08-31,Kolkata,22.4,64.7,3.12,13.9,1016.6
2022-09-01,Kolkata,26.4,75.8,1.64,17.3,1017.3
2022-09-02,Kolkata,26.5,82.7,2.85,22.3,1010.6
2022-09-03,Kolkata,26.6,83.0,0.29,15.4,1008.7
2022-09-04,Kolkata,28.0,72.0,0.78,16.1,1010.3
2022-09-05,Kolkata,19.6,80.8,0.94,12.1,1012.5
2022-09-06,Kolkata,22.0,67.7,0.01,15.1,1016.5
2022-09-07,Kolkata,20.0,91.5,0.06,22.2,1011.9
2022-09-08,Kolkata,25.5,71.6,0.11,24.4,1008.1
2022-09-09,Kolkata,23.9,75.4,0.39,11.9,1013.6
2022-09-10,Kolkata,23.3,77.9,2.86,12.3,1016.2
2022-09-11,Kolkata,23.5,68.7,4.26,8.0,1016.9
2022-09-12,Kolkata,20.0,49.3,1.0,14.0,1015.4
2022-09-13,Kolkata,22.1,74.9,0.81,15.8,1016.1
2022-09-14,Kolkata,22.5,63.9,2.31,22.2,1012.2
2022-09-15,Kolkata,15.5,74.4,0.09,14.0,1014.4
2022-09-16,Kolkata,22.3,80.9,0.63,8.5,1011.0
2022-09-17,Kolkata,16.5,66.8,2.75,16.1,1014.1
2022-09-18,Kolkata,17.4,50.0,0.31,12.1,1014.7
2022-09-19,Kolkata,21.1,67.7,2.07,9.2,1016.6
2022-09-20,Kolkata,27.3,66.0,1.59,17.1,1012.7
2022-09-21,Kolkata,24.5,72.2,2.23,15.4,1008.8
2022-09-22,Kolkata,23.2,66.8,0.48,24.1,1012.1
2022-09-23,Kolkata,20.2,71.5,3.35,9.3,1012.5
2022-09-24,Kolkata,22.6,66.5,0.75,15.6,1010.8
2022-09-25,Kolkata,23.6,74.3,2.58,18.8,1013.5
2022-09-26,Kolkata,23.3,80.0,3.92,6.0,1012.0
2022-09-27,Kolkata,20.7,75.3,0.88,21.3,1013.1
2022-09-28,Kolkata,19.1,58.2,0.79,20.8,1015.1
2022-09-29,Kolkata,18.5,68.9,0.16,21.6,1010.7
2022-09-30,Kolkata,16.0,72.3,1.68,8.3,1008.7
2022-10-01,Kolkata,24.7,55.0,0.06,21.7,1012.2
2022-10-02,Kolkata,29.4,78.3,1.22,11.1,1015.8
2022-10-03,Kolkata,19.9,61.9,0.22,10.4,1014.9
2022-10-04,Kolkata,16.9,53.2,0.07,11.3,1011.8
2022-10-05,Kolkata,24.3,54.7,0.02,14.3,1016.4
2022-10-06,Kolkata,18.2,66.8,0.32,12.4,1013.6
2022-10-07,Kolkata,21.2,62.3,0.17,15.8,1016.9
2022-10-08,Kolkata,27.2,68.5,0.14,9.5,1008.3
2022-10-09,Kolkata,25.1,65.1,0.22,21.2,1009.2
2022-10-10,Kolkata,24.2,59.6,0.29,5.9,1013.2
2022-10-11,Kolkata,21.7,76.3,0.36,21.6,1010.3
2022-10-12,Kolkata,25.2,64.7,0.23,7.6,1009.0
2022-10-13,Kolkata,24.5,73.6,0.21,22.4,1017.0
2022-10-14,Kolkata,16.0,63.6,0.12,14.5,1010.9
2022-10-15,Kolkata,21.3,85.8,0.27,8.9,1011.6
2022-10-16,Kolkata,21.3,65.1,0.14,13.5,1012.5
2022-10-17,Kolkata,26.9,77.5,0.97,18.3,1015.9
2022-10-18,Kolkata,25.3,70.1,0.02,10.6,1011.7
2022-10-19,Kolkata,14.3,63.6,0.47,19.3,1008.4
2022-10-20,Kolkata,28.9,62.7,0.1,15.1,1015.4
2022-10-21,Kolkata,20.7,77.9,1.11,12.0,1014.8
2022-10-22,Kolkata,20.6,73.3,0.09,18.7,1012.2
2022-10-23,Kolkata,20.8,69.4,0.02,14.6,1016.0
2022-10-24,Kolkata,24.7,72.8,0.93,15.5,1010.1
2022-10-25,Kolkata,22.7,68.9,0.51,19.6,1013.8
2022-10-26,Kolkata,23.1,67.7,0.33,13.9,1013.3
2022-10-27,Kolkata,25.0,85.9,0.37,18.7,1011.4
2022-10-28,Kolkata,24.7,61.4,0.29,10.2,1017.4
2022-10-29,Kolkata,22.8,69.8,0.76,8.8,1016.2
2022-10-30,Kolkata,22.3,74.3,0.12,10.4,1009.7
2022-10-31,Kolkata,24.9,70.9,0.2,10.8,1013.4
2022-11-01,Kolkata,26.1,78.4,0.12,22.6,1014.6
2022-11-02,Kolkata,21.5,70.0,1.22,19.6,1014.2
2022-11-03,Kolkata,20.6,69.2,0.21,15.8,1010.6
2022-11-04,Kolkata,22.0,77.4,1.45,18.2,1014.7
2022-11-05,Kolkata,18.6,50.4,0.13,15.1,1012.4
2022-11-06,Kolkata,17.8,62.7,0.24,23.8,1017.8
2022-11-07,Kolkata,17.0,77.1,0.26,19.9,1010.0
2022-11-08,Kolkata,21.5,77.9,0.69,15.0,1014.7
2022-11-09,Kolkata,21.4,75.5,0.0,21.7,1013.2
2022-11-10,Kolkata,20.0,69.7,0.28,14.0,1011.6
2022-11-11,Kolkata,25.2,73.1,0.25,15.6,1008.2
2022-11-12,Kolkata,22.3,71.4,1.06,14.9,1009.6
2022-11-13,Kolkata,21.4,91.9,0.32,19.9,1018.0
2022-11-14,Kolkata,27.7,80.0,0.53,18.9,1011.4
2022-11-15,Kolkata,26.9,80.6,0.03,20.2,1016.1
2022-11-16,Kolkata,21.4,78.9,0.32,8.6,1011.6
2022-11-17,Kolkata,23.6,58.0,0.17,16.1,1013.7
2022-11-18,Kolkata,22.7,80.7,0.62,10.2,1012.0
2022-11-19,Kolkata,24.9,74.1,0.09,11.5,1015.9
2022-11-20,Kolkata,26.8,75.3,0.41,7.9,1014.9
2022-11-21,Kolkata,21.0,67.0,0.18,18.8,1015.8
2022-11-22,Kolkata,20.7,74.2,0.0,15.6,1013.2
2022-11-23,Kolkata,22.6,56.6,0.0,14.1,1008.7
2022-11-24,Kolkata,25.9,53.2,0.4,20.7,1012.7
2022-11-25,Kolkata,18.3,72.3,0.81,10.7,1012.5
2022-11-26,Kolkata,22.1,60.0,0.25,18.9,1011.6
2022-11-27,Kolkata,26.4,70.7,0.64,11.4,1009.2
2022-11-28,Kolkata,20.5,64.7,0.36,18.8,1011.2
2022-11-29,Kolkata,26.4,64.3,0.42,16.8,1016.2
2022-11-30,Kolkata,30.7,57.4,0.03,5.0,1017.0
2022-12-01,Kolkata,27.0,58.0,1.49,9.9,1013.0
2022-12-02,Kolkata,24.4,65.2,0.16,14.5,1012.2
2022-12-03,Kolkata,21.7,62.8,0.33,22.0,1015.3
2022-12-04,Kolkata,23.8,61.6,0.62,14.3,1009.5
2022-12-05,Kolkata,28.9,59.6,0.06,5.5,1010.8
2022-12-06,Kolkata,24.1,82.3,0.39,22.2,1009.8
2022-12-07,Kolkata,21.8,70.6,0.29,20.8,1012.9
2022-12-08,Kolkata,24.9,58.2,0.95,6.6,1011.1
2022-12-09,Kolkata,24.8,70.9,1.07,5.8,1014.5
2022-12-10,Kolkata,31.3,57.9,0.68,13.2,1013.3
2022-12-11,Kolkata,25.0,69.8,0.87,20.4,1014.6
2022-12-12,Kolkata,26.9,67.3,0.86,12.6,1016.1
2022-12-13,Kolkata,26.7,81.6,1.13,17.0,1013.1
2022-12-14,Kolkata,25.4,62.9,0.01,13.1,1013.1
2022-12-15,Kolkata,28.1,61.3,0.07,10.5,1010.4
2022-12-16,Kolkata,21.1,59.3,0.41,10.0,1017.4
2022-12-17,Kolkata,22.5,59.1,0.16,19.6,1008.1
2022-12-18,Kolkata,25.9,69.1,0.37,24.8,1013.0
2022-12-19,Kolkata,28.0,60.1,0.23,24.6,1011.6
2022-12-20,Kolkata,22.0,72.3,0.23,17.4,1017.2
2022-12-21,Kolkata,25.1,88.9,0.51,17.2,1009.6
2022-12-22,Kolkata,29.2,67.9,0.49,16.5,1011.2
2022-12-23,Kolkata,26.2,60.3,0.14,10.9,1015.6
2022-12-24,Kolkata,36.3,68.1,0.63,14.0,1016.5
2022-12-25,Kolkata,31.3,75.5,0.39,15.7,1014.7
2022-12-26,Kolkata,25.8,82.6,0.19,13.0,1014.7
2022-12-27,Kolkata,23.9,57.8,1.03,23.4,1014.3
2022-12-28,Kolkata,25.2,77.8,0.22,19.0,1008.6
2022-12-29,Kolkata,27.4,75.5,0.26,17.8,1016.6
2022-12-30,Kolkata,28.3,64.6,0.65,11.5,1008.6
2022-12-31,Kolkata,29.3,65.8,0.68,7.0,1016.1
2022-01-01,Pune,21.0,85.9,0.0,9.2,1017.0
2022-01-02,Pune,22.1,64.8,0.33,7.9,1014.9
2022-01-03,Pune,23.6,61.1,0.05,6.1,1016.0
2022-01-04,Pune,27.2,66.8,0.4,6.2,1012.0
2022-01-05,Pune,26.0,48.6,3.9,13.1,1013.5
2022-01-06,Pune,30.1,54.5,0.52,16.8,1008.0
2022-01-07,Pune,24.2,69.0,0.84,11.2,1014.5
2022-01-08,Pune,21.5,68.9,0.6,7.6,1014.7
2022-01-09,Pune,22.4,50.1,0.35,14.0,1015.7
2022-01-10,Pune,24.3,58.4,0.36,14.3,1017.9
2022-01-11,Pune,25.2,42.7,1.15,11.2,1010.7
2022-01-12,Pune,28.6,68.7,0.62,18.5,1015.3
2022-01-13,Pune,26.0,72.0,0.11,8.5,1011.6
2022-01-14,Pune,28.3,64.6,0.42,5.4,1010.4
2022-01-15,Pune,28.5,53.8,0.66,8.7,1014.1
2022-01-16,Pune,28.5,73.5,0.29,17.7,1012.9
2022-01-17,Pune,28.4,60.3,0.12,18.4,1013.5
2022-01-18,Pune,28.4,55.0,0.15,23.4,1017.3
2022-01-19,Pune,27.9,54.0,0.18,9.9,1012.1
2022-01-20,Pune,26.4,69.3,0.0,17.9,1014.6
2022-01-21,Pune,25.1,62.7,0.47,21.2,1015.8
2022-01-22,Pune,33.1,62.6,1.58,13.6,1009.8
2022-01-23,Pune,30.4,34.1,0.36,21.2,1014.6
2022-01-24,Pune,23.6,65.9,0.45,16.6,1014.8
2022-01-25,Pune,24.6,44.9,0.51,19.5,1010.3
2022-01-26,Pune,33.9,30.0,0.02,21.7,1011.8
2022-01-27,Pune,26.5,59.2,0.09,19.1,1013.7
2022-01-28,Pune,24.9,64.7,0.81,15.3,1017.6
2022-01-29,Pune,22.0,68.1,0.92,23.1,1017.4
2022-01-30,Pune,21.0,63.6,0.01,11.3,1009.3
2022-01-31,Pune,29.2,55.2,0.04,9.9,1017.6
2022-02-01,Pune,25.2,51.2,0.63,21.6,1011.1
2022-02-02,Pune,26.2,50.6,0.25,6.7,1014.7
2022-02-03,Pune,25.3,65.2,0.27,10.8,1012.1
2022-02-04,Pune,30.8,78.2,1.32,6.4,1017.5
2022-02-05,Pune,25.3,54.3,0.41,7.7,1010.0
2022-02-06,Pune,25.1,74.1,1.1,11.7,1009.6
2022-02-07,Pune,26.3,68.6,1.96,7.8,1015.1
2022-02-08,Pune,30.3,68.0,0.26,13.9,1009.3
2022-02-09,Pune,27.6,50.8,0.01,13.8,1011.4
2022-02-10,Pune,23.2,58.7,0.71,19.3,1010.4
2022-02-11,Pune,28.5,53.9,0.22,13.0,1011.3
2022-02-12,Pune,27.0,57.3,1.65,18.7,1016.3
2022-02-13,Pune,31.3,47.6,1.09,14.7,1017.7
2022-02-14,Pune,28.4,54.0,0.45,18.9,1015.2
2022-02-15,Pune,24.7,51.9,0.34,11.7,1014.6
2022-02-16,Pune,28.4,56.0,1.69,6.8,1014.0
2022-02-17,Pune,25.0,48.7,0.4,22.6,1016.2
2022-02-18,Pune,35.0,62.6,0.34,14.2,1015.4
2022-02-19,Pune,31.4,50.3,0.08,12.1,1008.7
2022-02-20,Pune,28.9,67.3,0.01,17.1,1015.7
2022-02-21,Pune,25.2,55.9,0.01,15.2,1014.5
2022-02-22,Pune,27.6,37.7,0.3,20.6,1008.3
2022-02-23,Pune,26.3,66.5,0.14,15.5,1008.5
2022-02-24,Pune,32.4,48.7,0.01,12.1,1015.3
2022-02-25,Pune,27.8,62.3,0.26,25.0,1010.8
2022-02-26,Pune,30.9,58.4,0.35,12.1,1015.0
2022-02-27,Pune,25.1,60.4,0.35,21.5,1017.3
2022-02-28,Pune,25.1,47.4,0.58,10.0,1017.7
2022-03-01,Pune,32.4,57.3,0.77,13.2,1008.7
2022-03-02,Pune,33.1,52.6,1.33,11.1,1016.4
2022-03-03,Pune,34.2,68.6,0.17,14.2,1016.2
2022-03-04,Pune,30.7,46.7,0.36,24.9,1015.4
2022-03-05,Pune,33.5,71.4,0.29,24.0,1013.5
2022-03-06,Pune,30.7,53.9,0.24,16.4,1015.0
2022-03-07,Pune,28.7,62.2,0.55,8.4,1013.5
2022-03-08,Pune,26.9,54.2,0.03,20.2,1014.2
2022-03-09,Pune,28.9,69.8,0.07,8.0,1010.5
2022-03-10,Pune,33.0,66.3,0.56,10.1,1008.6
2022-03-11,Pune,29.2,70.1,0.56,10.2,1013.2
2022-03-12,Pune,34.1,71.1,0.04,10.5,1014.0
2022-03-13,Pune,28.2,66.2,0.07,5.5,1016.6
2022-03-14,Pune,26.5,50.6,0.09,22.7,1014.5
2022-03-15,Pune,28.4,60.0,0.86,13.3,1016.3
2022-03-16,Pune,34.5,67.8,0.2,17.6,1013.1
2022-03-17,Pune,33.2,62.6,0.35,5.6,1014.3
2022-03-18,Pune,29.8,65.7,0.5,5.4,1009.2
2022-03-19,Pune,30.9,55.6,0.8,11.2,1011.1
2022-03-20,Pune,28.3,54.9,0.03,16.7,1009.3
2022-03-21,Pune,34.3,74.4,1.33,6.3,1011.0
2022-03-22,Pune,31.0,46.8,0.3,5.4,1014.9
2022-03-23,Pune,33.2,59.4,1.39,23.0,1017.9
2022-03-24,Pune,36.5,61.4,0.63,24.3,1013.8
2022-03-25,Pune,33.3,48.2,0.08,7.3,1012.8
2022-03-26,Pune,30.7,83.6,0.33,24.5,1010.9
2022-03-27,Pune,28.8,76.7,0.74,15.1,1010.0
2022-03-28,Pune,33.4,46.1,0.27,15.6,1014.3
2022-03-29,Pune,27.6,51.3,0.8,14.5,1013.5
2022-03-30,Pune,29.8,76.9,1.1,24.0,1017.4
2022-03-31,Pune,32.9,61.2,0.03,22.0,1008.7
2022-04-01,Pune,30.3,53.0,0.22,8.7,1012.4
2022-04-02,Pune,31.6,54.4,0.89,22.1,1015.9
2022-04-03,Pune,29.7,64.6,1.39,16.5,1013.8
2022-04-04,Pune,31.9,56.2,0.03,20.0,1010.5
2022-04-05,Pune,32.8,43.9,0.88,24.2,1008.6
2022-04-06,Pune,29.5,53.2,0.56,13.6,1012.6
2022-04-07,Pune,28.2,57.2,0.18,17.2,1010.2
2022-04-08,Pune,26.5,44.8,0.21,11.1,1014.7
2022-04-09,Pune,34.3,71.4,0.14,5.8,1009.8
2022-04-10,Pune,30.6,49.6,0.04,13.9,1014.8
2022-04-11,Pune,28.4,54.2,0.33,20.1,1011.5
2022-04-12,Pune,34.3,58.8,0.43,19.3,1011.5
2022-04-13,Pune,33.0,57.1,0.94,10.1,1008.1
2022-04-14,Pune,34.0,52.3,0.03,14.8,1009.7
2022-04-15,Pune,36.2,51.2,0.09,13.2,1010.3
2022-04-16,Pune,36.1,46.9,0.86,5.3,1012.0
2022-04-17,Pune,32.8,57.5,0.12,11.5,1008.2
2022-04-18,Pune,30.0,81.3,0.13,15.9,1018.0
2022-04-19,Pune,32.1,59.8,0.14,6.6,1010.5
2022-04-20,Pune,26.5,60.5,0.34,5.1,1012.8
2022-04-21,Pune,27.6,84.4,1.75,24.7,1013.3
2022-04-22,Pune,31.1,79.8,0.42,9.6,1008.6
2022-04-23,Pune,30.7,75.8,2.4,9.7,1017.2
2022-04-24,Pune,26.0,57.7,2.7,13.6,1014.6
2022-04-25,Pune,29.3,50.6,0.19,14.2,1008.2
2022-04-26,Pune,26.9,55.9,0.39,14.2,1010.4
2022-04-27,Pune,29.8,72.2,0.0,11.3,1014.8
2022-04-28,Pune,26.5,62.0,0.09,8.1,1015.7
2022-04-29,Pune,26.0,52.5,0.65,8.6,1013.3
2022-04-30,Pune,25.2,61.1,0.03,16.8,1008.9
2022-05-01,Pune,31.9,67.5,0.01,6.5,1011.6
2022-05-02,Pune,28.0,61.7,0.37,14.0,1017.5
2022-05-03,Pune,25.7,50.3,0.08,18.9,1011.2
2022-05-04,Pune,26.2,55.0,0.75,18.3,1015.8
2022-05-05,Pune,24.6,68.5,0.78,11.2,1017.5
2022-05-06,Pune,29.0,59.1,0.53,21.3,1016.2
2022-05-07,Pune,30.6,61.7,0.13,6.0,1015.6
2022-05-08,Pune,33.4,49.9,0.33,15.1,1010.1
2022-05-09,Pune,24.6,72.2,0.08,15.7,1014.1
2022-05-10,Pune,32.2,49.8,0.2,14.5,1008.1
2022-05-11,Pune,28.8,39.7,1.12,16.2,1015.6
2022-05-12,Pune,30.3,62.1,0.68,15.9,1011.9
2022-05-13,Pune,34.7,72.0,0.41,12.5,1009.8
2022-05-14,Pune,28.1,43.2,1.56,14.8,1008.1
2022-05-15,Pune,28.6,57.3,0.05,22.9,1016.5
2022-05-16,Pune,27.1,66.3,1.46,22.5,1016.6
2022-05-17,Pune,29.2,79.3,0.4,21.4,1016.2
2022-05-18,Pune,25.5,57.0,0.23,9.6,1011.4
2022-05-19,Pune,28.7,53.7,0.01,13.7,1015.9
2022-05-20,Pune,28.9,50.9,0.42,24.0,1013.4
2022-05-21,Pune,27.5,69.6,0.8,6.5,1015.4
2022-05-22,Pune,30.0,61.0,0.91,14.7,1011.2
2022-05-23,Pune,28.9,59.1,1.13,24.5,1016.2
2022-05-24,Pune,34.3,57.0,0.06,17.4,1012.5
2022-05-25,Pune,30.2,59.8,1.31,6.6,1016.3
2022-05-26,Pune,30.5,68.0,0.22,20.7,1012.8
2022-05-27,Pune,30.8,64.3,0.09,6.3,1011.7
2022-05-28,Pune,33.1,60.5,0.81,16.5,1017.6
2022-05-29,Pune,30.1,54.6,0.76,19.1,1013.3
2022-05-30,Pune,27.2,49.9,0.33,18.3,1013.8
2022-05-31,Pune,26.0,74.8,0.06,18.9,1015.3
2022-06-01,Pune,20.6,51.2,1.24,24.3,1014.6
2022-06-02,Pune,34.7,58.0,2.98,13.5,1011.1
2022-06-03,Pune,23.7,56.7,3.57,19.7,1016.5
2022-06-04,Pune,22.8,51.1,0.87,11.1,1010.5
2022-06-05,Pune,24.3,67.9,0.14,6.2,1010.9
2022-06-06,Pune,28.9,63.8,2.25,17.7,1011.6
2022-06-07,Pune,23.0,82.6,0.25,9.6,1016.9
2022-06-08,Pune,27.0,71.0,0.58,5.8,1013.0
2022-06-09,Pune,25.2,63.6,1.31,6.0,1008.3
2022-06-10,Pune,26.2,89.1,0.17,23.4,1015.2
2022-06-11,Pune,24.0,63.7,2.18,12.8,1014.8
2022-06-12,Pune,30.7,47.2,6.61,8.7,1016.1
2022-06-13,Pune,23.8,35.8,2.75,8.0,1012.7
2022-06-14,Pune,22.1,60.7,0.12,6.7,1016.4
2022-06-15,Pune,25.9,46.2,1.8,15.4,1012.1
2022-06-16,Pune,25.6,62.3,0.33,16.4,1008.9
2022-06-17,Pune,27.5,63.2,1.24,22.8,1009.7
2022-06-18,Pune,25.6,54.2,0.91,19.9,1014.0
2022-06-19,Pune,22.7,81.5,2.63,22.9,1012.1
2022-06-20,Pune,29.4,59.8,2.56,22.5,1008.3
2022-06-21,Pune,30.2,62.6,1.37,22.3,1009.9
2022-06-22,Pune,26.0,69.9,1.13,14.7,1008.8
2022-06-23,Pune,26.6,59.6,3.71,23.6,1014.6
2022-06-24,Pune,24.0,65.5,2.42,20.4,1013.1
2022-06-25,Pune,27.9,47.8,3.71,5.9,1010.7
2022-06-26,Pune,25.1,64.8,3.08,12.4,1015.1
2022-06-27,Pune,25.5,60.7,1.24,16.1,1011.1
2022-06-28,Pune,27.7,67.1,6.98,11.0,1010.8
2022-06-29,Pune,30.2,68.1,3.19,16.9,1014.5
2022-06-30,Pune,22.6,56.6,0.59,16.7,1016.1
2022-07-01,Pune,24.8,53.8,0.11,22.0,1008.8
2022-07-02,Pune,26.6,51.9,1.66,12.3,1010.0
2022-07-03,Pune,24.3,42.8,0.36,19.0,1016.4
2022-07-04,Pune,28.5,51.8,0.16,15.6,1016.3
2022-07-05,Pune,23.0,57.4,0.35,13.1,1008.2
2022-07-06,Pune,19.8,62.6,0.81,22.6,1009.8
2022-07-07,Pune,26.5,64.1,2.03,24.6,1015.5
2022-07-08,Pune,24.0,64.5,1.39,19.2,1015.6
2022-07-09,Pune,22.0,64.7,3.76,13.3,1016.9
2022-07-10,Pune,25.6,67.8,9.05,7.3,1011.7
2022-07-11,Pune,25.8,71.4,0.04,23.8,1017.8
2022-07-12,Pune,24.6,71.1,0.27,20.5,1012.8
2022-07-13,Pune,21.9,56.4,2.23,20.7,1010.0
2022-07-14,Pune,25.4,72.9,1.52,17.0,1008.1
2022-07-15,Pune,25.5,85.8,2.22,8.4,1010.4
2022-07-16,Pune,26.3,53.4,1.08,10.0,1013.5
2022-07-17,Pune,25.3,52.1,5.02,23.0,1009.6
2022-07-18,Pune,19.5,54.7,1.57,5.1,1018.0
2022-07-19,Pune,26.2,52.2,2.3,10.9,1008.9
2022-07-20,Pune,25.9,79.1,0.19,15.4,1013.1
2022-07-21,Pune,19.7,46.6,0.04,11.5,1012.0
2022-07-22,Pune,25.4,66.1,0.45,18.7,1009.0
2022-07-23,Pune,23.9,60.4,2.46,22.2,1015.4
2022-07-24,Pune,19.0,61.0,6.74,5.1,1016.2
2022-07-25,Pune,27.0,72.1,2.36,11.1,1018.0
2022-07-26,Pune,19.1,74.3,3.14,24.1,1015.9
2022-07-27,Pune,20.8,40.1,2.87,8.3,1008.7
2022-07-28,Pune,24.9,47.9,1.37,12.9,1011.7
2022-07-29,Pune,22.2,48.9,0.96,22.4,1015.3
2022-07-30,Pune,24.0,60.2,0.19,24.1,1010.4
2022-07-31,Pune,20.6,40.3,3.9,8.1,1009.8
2022-08-01,Pune,24.4,64.9,0.75,24.8,1010.0
2022-08-02,Pune,18.3,47.4,7.53,5.5,1015.2
2022-08-03,Pune,20.3,67.3,0.75,8.7,1014.9
2022-08-04,Pune,20.6,59.0,0.28,19.5,1012.1
2022-08-05,Pune,17.2,64.2,0.22,16.5,1014.1
2022-08-06,Pune,20.3,48.1,1.02,15.0,1010.3
2022-08-07,Pune,26.7,79.2,1.22,5.9,1010.6
2022-08-08,Pune,20.9,46.9,0.17,14.0,1014.9
2022-08-09,Pune,18.0,61.9,0.49,20.3,1011.1
2022-08-10,Pune,17.8,51.3,0.84,8.0,1013.9
2022-08-11,Pune,19.7,66.5,0.67,9.2,1008.6
2022-08-12,Pune,20.3,60.6,0.24,9.4,1018.0
2022-08-13,Pune,26.9,54.5,1.56,13.3,1008.4
2022-08-14,Pune,25.0,67.2,1.05,21.9,1013.3
2022-08-15,Pune,24.4,59.2,1.24,7.1,1013.7
2022-08-16,Pune,21.1,57.7,4.49,25.0,1013.5
2022-08-17,Pune,20.6,72.4,2.38,8.6,1012.1
2022-08-18,Pune,22.9,38.4,0.39,19.7,1010.0
2022-08-19,Pune,23.0,51.1,0.35,22.0,1014.1
2022-08-20,Pune,18.3,59.8,1.47,17.3,1011.7
2022-08-21,Pune,25.0,90.7,6.14,22.7,1009.3
2022-08-22,Pune,20.5,60.9,0.1,6.2,1009.6
2022-08-23,Pune,20.5,51.5,1.47,24.8,1011.9
2022-08-24,Pune,15.2,64.4,0.48,23.8,1010.6
2022-08-25,Pune,16.5,59.7,3.35,18.0,1017.3
2022-08-26,Pune,21.5,71.9,2.12,20.7,1017.0
2022-08-27,Pune,26.5,51.7,0.07,12.4,1016.5
2022-08-28,Pune,18.9,60.7,2.37,21.7,1013.8
2022-08-29,Pune,18.5,61.8,0.18,7.9,1017.0
2022-08-30,Pune,19.9,53.0,2.04,14.1,1008.7
2022-08-31,Pune,24.7,69.4,4.28,15.8,1014.7
2022-09-01,Pune,23.0,41.5,1.06,23.2,1009.6
2022-09-02,Pune,18.7,66.1,0.25,22.8,1008.5
2022-09-03,Pune,16.3,53.3,0.11,21.9,1014.4
2022-09-04,Pune,24.6,46.5,1.38,15.5,1012.0
2022-09-05,Pune,17.1,60.5,0.07,17.9,1014.1
2022-09-06,Pune,14.2,51.8,0.15,16.7,1013.7
2022-09-07,Pune,18.7,63.3,1.52,19.4,1009.1
2022-09-08,Pune,20.5,49.4,1.72,11.6,1014.4
2022-09-09,Pune,17.5,51.5,1.25,19.5,1015.0
2022-09-10,Pune,21.3,49.4,1.16,8.8,1017.7
2022-09-11,Pune,17.5,66.1,4.78,12.3,1010.5
2022-09-12,Pune,19.6,52.7,1.47,7.2,1011.9
2022-09-13,Pune,22.5,57.9,2.19,24.8,1010.5
2022-09-14,Pune,19.0,33.9,0.41,17.2,1015.2
2022-09-15,Pune,16.2,64.3,2.41,8.9,1014.5
2022-09-16,Pune,18.4,76.1,1.37,6.0,1015.9
2022-09-17,Pune,17.3,77.0,0.27,19.4,1012.1
2022-09-18,Pune,21.4,64.3,0.88,9.0,1016.2
2022-09-19,Pune,24.0,62.6,0.94,18.7,1014.2
2022-09-20,Pune,20.2,73.4,0.3,16.0,1013.1
2022-09-21,Pune,22.4,52.2,1.46,11.4,1010.9
2022-09-22,Pune,14.3,58.1,0.75,18.1,1010.1
2022-09-23,Pune,20.4,42.5,3.71,12.0,1010.3
2022-09-24,Pune,22.0,48.8,3.19,18.6,1015.7
2022-09-25,Pune,20.3,71.4,1.36,6.9,1010.2
2022-09-26,Pune,19.0,65.8,0.2,22.3,1016.0
2022-09-27,Pune,20.9,73.8,0.41,21.3,1014.6
2022-09-28,Pune,16.9,70.8,0.3,21.9,1008.2
2022-09-29,Pune,19.5,64.5,2.39,13.2,1016.6
2022-09-30,Pune,24.6,48.7,0.72,20.5,1013.0
2022-10-01,Pune,17.2,72.6,0.9,8.2,1013.5
2022-10-02,Pune,20.4,62.5,0.61,14.3,1012.0
2022-10-03,Pune,20.7,53.4,1.49,14.0,1017.3
2022-10-04,Pune,19.5,51.2,0.2,17.1,1008.1
2022-10-05,Pune,20.6,61.0,1.1,22.1,1009.7
2022-10-06,Pune,19.2,62.6,0.63,11.1,1015.2
2022-10-07,Pune,21.7,67.2,0.22,21.2,1017.4
2022-10-08,Pune,24.8,56.3,0.3,11.8,1015.1
2022-10-09,Pune,21.6,55.2,1.47,18.5,1010.2
2022-10-10,Pune,21.7,51.8,0.45,8.4,1014.9
2022-10-11,Pune,19.3,58.5,0.05,17.2,1011.7
2022-10-12,Pune,25.2,60.2,0.04,17.7,1015.8
2022-10-13,Pune,22.0,58.2,0.68,5.4,1008.3
2022-10-14,Pune,16.5,71.7,0.93,13.0,1011.9
2022-10-15,Pune,22.9,75.7,0.51,11.5,1011.5
2022-10-16,Pune,21.1,62.1,0.05,8.1,1016.5
2022-10-17,Pune,24.9,49.3,0.13,13.5,1010.8
2022-10-18,Pune,19.1,63.5,0.86,19.5,1009.3
2022-10-19,Pune,25.8,58.7,0.07,23.0,1010.3
2022-10-20,Pune,24.2,66.0,0.02,15.6,1014.5
2022-10-21,Pune,23.1,58.2,1.53,9.9,1008.7
2022-10-22,Pune,25.1,72.2,0.67,19.8,1009.1
2022-10-23,Pune,16.6,56.6,0.12,17.3,1010.1
2022-10-24,Pune,22.2,34.2,0.13,10.8,1012.3
2022-10-25,Pune,21.1,48.1,0.66,8.4,1014.3
2022-10-26,Pune,15.8,70.3,0.94,8.2,1009.4
2022-10-27,Pune,22.3,73.8,0.16,15.5,1015.7
2022-10-28,Pune,22.4,66.9,0.04,6.0,1011.9
2022-10-29,Pune,24.2,64.1,0.39,18.2,1016.9
2022-10-30,Pune,17.3,54.1,0.72,21.2,1008.5
2022-10-31,Pune,20.4,67.8,0.24,14.5,1016.2
2022-11-01,Pune,18.4,62.8,0.12,6.3,1014.6
2022-11-02,Pune,18.8,63.5,0.11,6.0,1009.0
2022-11-03,Pune,19.2,56.0,0.18,14.8,1014.3
2022-11-04,Pune,23.9,59.1,0.27,22.6,1012.3
2022-11-05,Pune,22.4,66.3,0.15,10.3,1014.3
2022-11-06,Pune,20.8,62.3,2.48,19.7,1014.7
2022-11-07,Pune,22.7,55.5,1.46,8.3,1008.3
2022-11-08,Pune,22.3,50.8,0.71,20.9,1010.4
2022-11-09,Pune,22.8,60.0,1.1,21.9,1009.2
2022-11-10,Pune,18.5,50.5,0.24,17.7,1013.1
2022-11-11,Pune,19.9,64.6,0.15,16.1,1008.6
2022-11-12,Pune,24.4,41.6,0.05,11.1,1017.0
2022-11-13,Pune,25.3,68.6,0.26,24.6,1011.6
2022-11-14,Pune,21.9,52.0,0.06,21.7,1015.6
2022-11-15,Pune,24.6,54.4,0.61,9.4,1008.1
2022-11-16,Pune,24.1,60.7,2.06,12.7,1017.6
2022-11-17,Pune,24.8,62.6,0.18,21.5,1016.3
2022-11-18,Pune,28.8,76.0,0.3,19.8,1017.9
2022-11-19,Pune,19.9,67.7,0.24,16.0,1016.7
2022-11-20,Pune,17.6,54.1,0.8,16.1,1012.5
2022-11-21,Pune,21.1,69.7,0.27,16.4,1008.8
2022-11-22,Pune,18.9,48.2,1.7,11.2,1011.6
2022-11-23,Pune,24.5,40.3,0.85,22.5,1008.1
2022-11-24,Pune,21.0,73.1,1.63,12.4,1010.0
2022-11-25,Pune,25.3,32.5,0.78,23.1,1008.9
2022-11-26,Pune,25.3,60.2,0.68,5.3,1017.2
2022-11-27,Pune,22.3,56.4,0.27,19.7,1012.4
2022-11-28,Pune,21.9,60.6,0.18,9.1,1012.2
2022-11-29,Pune,27.2,59.2,0.04,22.5,1013.8
2022-11-30,Pune,20.9,46.6,0.13,19.2,1014.7
2022-12-01,Pune,25.2,56.7,1.46,11.1,1008.3
2022-12-02,Pune,21.1,53.7,0.08,15.0,1011.3
2022-12-03,Pune,26.7,46.1,0.03,20.8,1014.2
2022-12-04,Pune,20.5,60.1,2.1,24.3,1010.7
2022-12-05,Pune,26.6,74.0,0.75,23.2,1014.5
2022-12-06,Pune,21.0,36.9,0.27,22.0,1017.8
2022-12-07,Pune,21.5,61.1,0.37,12.5,1016.5
2022-12-08,Pune,21.2,42.3,0.29,12.1,1012.3
2022-12-09,Pune,25.2,75.0,0.51,20.3,1017.4
2022-12-10,Pune,26.2,57.6,0.12,11.2,1013.9
2022-12-11,Pune,26.4,64.4,0.39,17.0,1013.3
2022-12-12,Pune,25.6,60.9,0.2,5.4,1008.4
2022-12-13,Pune,27.9,33.6,1.26,6.5,1017.6
2022-12-14,Pune,16.7,80.7,0.19,17.2,1015.1
2022-12-15,Pune,25.2,59.7,1.37,19.6,1011.7
2022-12-16,Pune,24.6,47.1,0.57,6.8,1016.7
2022-12-17,Pune,24.8,58.3,0.05,7.1,1013.2
2022-12-18,Pune,23.0,70.3,0.59,12.3,1013.6
2022-12-19,Pune,25.9,58.2,0.15,15.4,1011.0
2022-12-20,Pune,26.0,68.5,1.11,15.0,1015.8
2022-12-21,Pune,21.9,62.0,0.51,14.8,1009.2
2022-12-22,Pune,20.1,67.2,0.5,8.4,1008.7
2022-12-23,Pune,25.7,65.0,0.41,22.8,1009.1
2022-12-24,Pune,26.8,52.5,0.03,7.7,1017.5
2022-12-25,Pune,25.8,53.9,0.44,9.0,1008.1
2022-12-26,Pune,24.2,53.8,1.43,16.9,1008.9
2022-12-27,Pune,26.0,65.2,0.21,15.6,1016.0
2022-12-28,Pune,20.7,66.6,1.09,9.0,1009.8
2022-12-29,Pune,27.7,53.8,0.36,19.9,1012.0
2022-12-30,Pune,27.9,63.9,0.85,5.3,1013.6
2022-12-31,Pune,22.5,43.1,0.09,8.8,1015.2
